DateTime,RecordingTime,Values,PartTimes,
2026.01.05-18.01.35,1.888121,0.919179,1.729563,
,0.408334,0.652428,1.849272,
,0.497599,0.830167,1.904356,
,0.549971,0.8975,1.919651,
,0.566943,0.622392,1.932204,
,0.582075,0.829964,1.944165,
,0.597817,0.910491,1.954327,
,0.61254,0.924669,1.962932,
,0.626322,1.701673,1.971352,
,0.641434,0.680146,1.979006,
,0.657223,1.08658,1.985104,
,0.672007,1.09559,1.990104,
,0.686594,1.627854,1.994021,
,0.700894,0.772401,1.996999,
,0.715438,0.601191,1.998819,
,0.728604,-0.000676,1.999806,
,0.741781,1.39312,1.999955,
,0.755088,1.519795,1.999165,
,0.769375,1.647371,1.997339,
,0.784001,1.218437,1.994324,
,0.799324,0.898751,1.989949,
,0.81541,1.37853,1.984857,
,0.830146,1.12441,1.979171,
,0.843907,0.889371,1.972847,
,0.857164,0.050696,1.964423,
,0.872638,1.055024,1.955553,
,0.887079,0.903567,1.945979,
,0.901159,1.141871,1.924006,
,0.929447,0.90861,1.911501,
,0.943778,0.550382,1.898606,
,0.957572,0.87329,1.884546,
,0.97169,0.787606,1.869295,
,0.986114,0.768553,1.854171,
,0.999657,1.716414,1.837623,
,1.013748,1.761203,1.819442,
,1.028486,0.874223,1.802035,
,1.041975,0.276267,1.783525,
,1.055746,1.540938,1.763797,
,1.069856,1.656141,1.74453,
,1.083144,1.104581,1.723663,
,1.097054,0.843472,1.700411,
,1.112034,1.024418,1.678962,
,1.125422,1.946485,1.656582,
,1.139003,0.646952,1.634848,
,1.15185,1.444848,1.611811,
,1.165137,0.907619,1.588756,
,1.178128,0.645177,1.565011,
,1.191217,0.712506,1.539796,
,1.204826,0.653097,1.51521,
,1.217833,-0.05312,1.489514,
,1.231178,1.257612,1.462667,
,1.244871,0.86214,1.397673,
,1.277113,1.344996,1.368846,
,1.291057,1.029435,1.338618,
,1.305475,0.566875,1.309096,
,1.319376,0.251145,1.275186,
,1.335147,0.389054,1.246332,
,1.348418,0.555886,1.215987,
,1.362245,1.913159,1.186982,
,1.37535,1.119974,1.154167,
,1.390061,0.855965,1.120771,
,1.404922,-0.109361,1.091581,
,1.417834,0.132292,1.059972,
,1.431747,0.830015,1.027679,
,1.445901,1.458016,0.996156,
,1.459669,0.574297,0.965714,
,1.472932,0.887125,0.933142,
,1.487099,0.618941,0.902033,
,1.500618,1.33152,0.869796,
,1.514627,1.249543,0.839274,
,1.5279,0.9164,0.80992,
,1.540685,1.172872,0.778376,
,1.554455,1.013061,0.724087,
,1.578264,0.836141,0.694628,
,1.591261,0.814506,0.661446,
,1.605982,0.807011,0.631279,
,1.619453,1.03488,0.598947,
,1.633998,0.446508,0.568195,
,1.64795,1.616917,0.539942,
,1.660882,0.44965,0.510627,
,1.67443,0.232396,0.479236,
,1.689101,1.384349,0.450011,
,1.702929,1.376805,0.422826,
,1.715954,0.897491,0.395476,
,1.729234,1.346578,0.367687,
,1.742925,0.923223,0.341147,
,1.756205,1.202248,0.31452,
,1.769753,1.869943,0.289296,
,1.782812,1.177743,0.265139,
,1.795546,0.913065,0.241997,
,1.807974,1.962261,0.216357,
,1.822033,-0.11548,0.190871,
,1.836339,0.852445,0.166947,
,1.850106,0.916204,0.143519,
,1.86394,1.54767,0.120566,
,1.877871,0.716065,0.1001,
,1.890646,0.401063,0.080176,
,1.90344,1.57358,0.061191,
,1.915998,0.928627,0.040451,
,1.930177,0.233337,0.023106,
,1.942454,0.080402,0.004967,
,1.955754,0.773564,-0.011726,
,1.968468,1.194624,-0.028417,
,1.981703,0.687231,-0.043844,
,1.994471,0.07285,-0.059098,
,2.007683,1.096355,-0.073545,
,2.020826,1.796368,-0.089081,
,2.035773,1.111972,-0.10251,
,2.049514,0.887023,-0.114598,
,2.062678,1.816235,-0.127121,
,2.077298,1.726975,-0.137428,
,2.090271,0.702309,-0.147294,
,2.103702,1.402833,-0.156539,
,2.117454,1.842525,-0.165395,
,2.132051,0.773587,-0.173024,
,2.146187,1.431185,-0.180065,
,2.161123,1.569541,-0.185398,
,2.174291,1.846071,-0.18973,
,2.186892,1.356774,-0.193525,
,2.20037,0.740763,-0.196306,
,2.213073,1.023921,-0.198303,
,2.225698,1.938771,-0.199602,
,2.2394,1.366648,-0.199999,
,2.252803,1.499552,-0.199421,
,2.267766,0.408138,-0.197607,
,2.283784,0.895499,-0.195038,
,2.297668,0.901708,-0.191293,
,2.312427,1.270864,-0.186279,
,2.327822,0.766316,-0.181026,
,2.341152,0.436844,-0.175235,
,2.353862,1.430671,-0.168464,
,2.366973,1.649808,-0.159492,
,2.382361,0.876816,-0.150578,
,2.396065,0.955212,-0.141178,
,2.40926,0.842678,-0.128216,
,2.425872,0.932728,-0.116656,
,2.439498,0.913418,-0.103482,
,2.453962,0.893265,-0.089135,
,2.468678,1.326112,-0.073702,
,2.483533,0.003329,-0.05856,
,2.497298,1.579266,-0.040777,
,2.512616,0.873665,-0.020833,
,2.528884,1.996713,0.000456,
,2.545363,0.185249,0.022954,
,2.561942,0.586206,0.044899,
,2.577411,0.898298,0.068194,
,2.593183,0.611184,0.088732,
,2.606605,0.841615,0.110906,
,2.620647,1.992627,0.134788,
,2.635312,0.893975,0.163025,
,2.652108,0.746233,0.188899,
,2.667043,0.826535,0.213025,
,2.680621,0.398573,0.238252,
,2.694496,1.289213,0.264137,
,2.708425,1.980283,0.290178,
,2.722153,0.899927,0.317251,
,2.736152,0.450895,0.345611,
,2.750548,0.597787,0.373238,
,2.764332,0.899806,0.405481,
,2.78015,-0.08253,0.432864,
,2.793379,1.984012,0.464174,
,2.808298,1.098203,0.495319,
,2.822942,0.202677,0.525232,
,2.836842,1.331941,0.557013,
,2.85145,1.159171,0.591983,
,2.867358,1.701559,0.620143,
,2.880055,0.62192,0.649812,
,2.893338,1.296234,0.685194,
,2.909067,1.820652,0.715716,
,2.922553,1.984945,0.744836,
,2.935359,0.479427,0.779151,
,2.950389,1.785311,0.812013,
,2.964732,0.578557,0.85263,
,2.982415,-0.129592,0.885493,
,2.9967,0.753402,0.919035,
,3.011274,0.695303,0.949506,
,3.02452,1.628946,0.980633,
,3.038069,1.750543,1.013905,
,3.052583,0.899625,1.045752,
,3.066518,1.689113,1.078814,
,3.081043,0.899935,1.113552,
,3.096383,1.142691,1.145473,
,3.110565,0.107243,1.18064,
,3.126302,1.979418,1.210517,
,3.13978,1.141777,1.238594,
,3.152548,1.078647,1.267839,
,3.165966,0.379631,1.30002,
,3.180887,0.900097,1.331828,
,3.195817,1.17324,1.359312,
,3.208879,0.86544,1.385975,
,3.221709,0.915615,1.41235,
,3.23457,0.90596,1.440011,
,3.248257,0.095688,1.466181,
,3.261412,0.42178,1.495613,
,3.276473,0.803643,1.519262,
,3.288798,0.322984,1.54263,
,3.301194,0.040281,1.57493,
,3.318721,0.966012,1.603437,
,3.334615,0.739791,1.627768,
,3.348537,0.113387,1.653774,
,3.363824,0.819249,1.678015,
,3.3785,1.356212,1.702651,
,3.393893,0.482204,1.726753,
,3.409482,0.976144,1.746273,
,3.422544,0.705258,1.765514,
,3.435856,0.807167,1.788418,
,3.452346,0.899926,1.806219,
,3.465721,-0.126088,1.825011,
,3.480458,1.134591,1.842621,
,3.49494,0.742826,1.857894,
,3.508118,1.365337,1.875601,
,3.524253,1.901338,1.889303,
,3.537495,1.741182,1.903076,
,3.551614,0.603113,1.916664,
,3.566517,0.418232,1.928898,
,3.58097,0.341649,1.938938,
,3.593757,0.288943,1.947964,
,3.606158,0.898818,1.957053,
,3.619761,0.275205,1.965716,
,3.634115,1.003664,1.973741,
,3.649113,0.441233,1.980286,
,3.663133,0.104391,1.986338,
,3.678349,1.095137,1.990479,
,3.690827,0.887147,1.993963,
,3.703657,0.879548,1.997,
,3.718448,0.896658,1.998783,
,3.731269,1.534956,1.999779,
,3.744183,0.921015,1.999968,
,3.75741,0.01842,1.999383,
,3.769762,0.901729,1.997617,
,3.785219,1.803656,1.995086,
,3.798947,0.902166,1.991564,
,3.812982,0.654716,1.986779,
,3.82793,0.993948,1.980955,
,3.842819,0.887643,1.974996,
,3.855854,1.432772,1.968271,
,3.868826,1.390696,1.960658,
,3.881965,1.615455,1.952311,
,3.895002,0.721163,1.943408,
,3.907729,0.717709,1.933869,
,3.920325,0.582465,1.921909,
,3.934929,0.885018,1.910555,
,3.947825,1.910069,1.898032,
,3.961169,1.577474,1.885515,
,3.973747,0.899611,1.872165,
,3.986465,-0.109618,1.857815,
,3.999459,1.975232,1.839201,
,4.015436,0.855521,1.821388,
,4.029945,0.93899,1.801849,
,4.045119,1.234604,1.781597,
,4.060152,1.023967,1.764071,
,4.072667,1.773544,1.745454,
,4.08552,0.879152,1.725931,
,4.098567,1.191022,1.700473,
,4.114997,1.372923,1.67999,
,4.127792,0.39812,1.657797,
,4.141278,0.647435,1.63586,
,4.154261,0.728345,1.613161,
,4.16737,0.838576,1.587917,
,4.181598,1.004325,1.556987,
,4.198582,0.652874,1.531587,
,4.212199,1.664122,1.50149,
,4.227992,1.111265,1.471318,
,4.243488,0.678823,1.445836,
,4.256341,1.580058,1.420316,
,4.269018,0.768298,1.393263,
,4.282262,1.537662,1.366394,
,4.295237,0.825647,1.338617,
,4.308479,1.717397,1.303369,
,4.325057,0.304011,1.271736,
,4.339744,1.216382,1.241209,
,4.353765,0.460283,1.20905,
,4.368392,1.857688,1.178617,
,4.382114,0.918202,1.149068,
,4.395339,0.963746,1.11786,
,4.409215,0.900888,1.08915,
,4.42191,1.358767,1.061084,
,4.434262,0.462064,1.024839,
,4.450146,1.113833,0.994695,
,4.463309,-0.110519,0.965526,
,4.476017,0.790654,0.933366,
,4.490005,0.480672,0.90443,
,4.50258,0.759154,0.870297,
,4.517412,0.893607,0.840742,
,4.530264,1.613994,0.811431,
,4.543029,0.530694,0.782274,
,4.555754,1.035634,0.750973,
,4.569455,0.50086,0.722421,
,4.582,1.851433,0.68744,
,4.597445,0.783097,0.653884,
,4.612353,0.572101,0.620733,
,4.627187,0.891017,0.585633,
,4.643026,0.900137,0.557617,
,4.655781,1.919936,0.527263,
,4.669727,1.537049,0.499443,
,4.68264,1.015289,0.467625,
,4.697577,1.054018,0.436554,
,4.712359,1.599035,0.409925,
,4.725198,0.945977,0.382718,
,4.738496,0.862475,0.35589,
,4.751805,0.900956,0.328609,
,4.765558,1.241004,0.29848,
,4.781033,0.883137,0.27025,
,4.795835,0.872467,0.243,
,4.810434,1.381679,0.219697,
,4.823186,0.810472,0.19137,
,4.839059,1.707013,0.165245,
,4.854102,0.215394,0.143148,
,4.867165,1.506562,0.119665,
,4.88143,0.756329,0.095735,
,4.89642,0.900036,0.075692,
,4.909375,0.823927,0.05503,
,4.92316,0.248926,0.037261,
,4.935408,0.444696,0.018249,
,4.948968,1.504221,-0.002472,
,4.964363,0.914708,-0.019145,
,4.977285,0.46608,-0.034895,
,4.990001,0.300002,-0.050737,
,5.003367,0.844457,-0.065376,
,5.016316,0.895673,-0.081388,
,5.031259,0.90738,-0.096092,
,5.045844,1.074317,-0.108525,
,5.058963,0.871265,-0.12037,
,5.072281,1.909361,-0.131208,
,5.085331,0.737451,-0.142684,
,5.100289,0.898556,-0.153211,
,5.115355,0.650961,-0.162296,
,5.129758,0.058348,-0.169581,
,5.142594,0.900342,-0.177452,
,5.158317,1.054747,-0.183192,
,5.171597,0.913515,-0.188634,
,5.186489,1.008185,-0.192632,
,5.199907,0.56034,-0.195992,
,5.21444,0.849684,-0.198269,
,5.228438,-0.105057,-0.199693,
,5.243965,1.213507,-0.199996,
,5.256627,1.368749,-0.199511,
,5.26951,0.784711,-0.197991,
,5.284143,0.016676,-0.19559,
,5.298069,0.900128,-0.191912,
,5.31325,0.927015,-0.187207,
,5.328218,1.140049,-0.181531,
,5.342959,1.975564,-0.175618,
,5.356072,0.89966,-0.167934,
,5.370941,1.032377,-0.159247,
,5.385759,1.223588,-0.149934,
,5.400008,0.25778,-0.139335,
,5.414726,0.778366,-0.127846,
,5.429327,0.997653,-0.114056,
,5.445439,1.700642,-0.100194,
,5.460425,0.434532,-0.084917,
,5.475833,0.905533,-0.069061,
,5.490833,0.751262,-0.054787,
,5.503623,1.178317,-0.038696,
,5.517359,0.595637,-0.020841,
,5.531881,1.353492,-0.002024,
,5.546488,1.622947,0.017493,
,5.560992,-0.021267,0.034879,
,5.573431,1.070464,0.052912,
,5.58591,1.660489,0.073856,
,5.599929,1.193063,0.096068,
,5.614302,1.149806,0.118459,
,5.628337,0.936625,0.143022,
,5.64327,0.899935,0.166822,
,5.657329,1.735964,0.188698,
,5.669931,1.004263,0.211032,
,5.682514,0.401606,0.237706,
,5.697202,0.672852,0.265746,
,5.712285,1.521006,0.289782,
,5.72495,0.872626,0.313716,
,5.737342,1.231133,0.33975,
,5.750597,1.653527,0.367462,
,5.764471,0.465109,0.394286,
,5.777692,0.70373,0.4225,
,5.791396,0.542005,0.453921,
,5.806438,0.301637,0.483147,
,5.820244,0.168099,0.511855,
,5.833648,0.992618,0.541385,
,5.847289,1.749953,0.56987,
,5.860322,1.128186,0.603803,
,5.875702,1.648921,0.633194,
,5.888913,0.899866,0.6626,
,5.90204,0.706443,0.696744,
,5.917182,1.512409,0.728686,
,5.931267,0.087111,0.759189,
,5.944656,0.993262,0.792539,
,5.95924,1.166919,0.822436,
,5.972277,0.152075,0.852759,
,5.985474,0.70154,0.882991,
,5.998615,0.173893,0.918405,
,6.014003,1.104002,0.947288,
,6.026559,0.688852,0.980008,
,6.0408,0.895064,1.010548,
,6.05412,0.053938,1.039778,
,6.066903,1.07413,1.072095,
,6.081089,0.894045,1.102875,
,6.094662,0.961996,1.136072,
,6.109382,0.934334,1.169393,
,6.124258,0.789763,1.197713,
,6.136994,0.808101,1.232919,
,6.152962,0.813943,1.263861,
,6.167136,1.420231,1.29478,
,6.181449,-0.026435,1.321738,
,6.194064,0.932221,1.349149,
,6.207034,0.575027,1.380253,
,6.221945,0.376208,1.406655,
,6.234781,-0.024526,1.435858,
,6.249191,1.824895,1.464516,
,6.263572,0.473177,1.493605,
,6.278439,1.815194,1.517916,
,6.291094,1.008775,1.541869,
,6.30379,0.578049,1.572092,
,6.320165,1.469069,1.596264,
,6.333579,1.604344,1.620337,
,6.34725,0.155504,1.644261,
,6.361183,1.450581,1.665831,
,6.374072,0.918575,1.686627,
,6.386826,1.816909,1.708426,
,6.40058,1.089439,1.728208,
,6.413444,0.380831,1.747784,
,6.426576,1.71624,1.770105,
,6.442104,1.11404,1.790805,
,6.457113,0.899992,1.809296,
,6.47109,0.688146,1.826334,
,6.484525,1.048491,1.844779,
,6.499768,0.101876,1.860758,
,6.513665,0.838988,1.874161,
,6.525906,0.164041,1.890252,
,6.541443,0.712839,1.904124,
,6.555729,1.376495,1.917439,
,6.570404,0.699195,1.928736,
,6.583775,1.804751,1.93998,
,6.598145,0.896036,1.950375,
,6.612648,1.008417,1.958374,
,6.624853,1.304986,1.966956,
,6.639312,0.653987,1.97368,
,6.651995,0.220786,1.980452,
,6.666518,0.959691,1.986094,
,6.680678,0.370773,1.990425,
,6.69365,0.567281,1.994512,
,6.708997,0.336327,1.997262,
,6.723031,-0.058816,1.999002,
,6.736398,0.197857,1.999865,
,6.749262,0.923399,1.999934,
,6.762009,1.978553,1.999078,
,6.776323,1.004656,1.997191,
,6.790922,0.433658,1.994703,
,6.80368,0.906035,1.991433,
,6.816446,0.830758,1.987129,
,6.829942,0.899612,1.982144,
,6.84299,0.923644,1.976111,
,6.856545,-0.012929,1.968846,
,6.870777,0.97174,1.960555,
,6.885136,0.899785,1.950574,
,6.900574,0.899263,1.940868,
,6.914181,0.893354,1.929744,
,6.928498,0.484394,1.916763,
,6.943882,0.934192,1.905404,
,6.956418,0.400385,1.893236,
,6.969074,0.897523,1.880276,
,6.98182,0.425579,1.863627,
,6.997277,0.891054,1.848361,
,7.010691,0.902345,1.833538,
,7.023128,0.395713,1.817559,
,7.035979,1.08916,1.800005,
,7.049519,-0.065597,1.780392,
,7.06403,1.469262,1.761077,
,7.077766,0.41418,1.742348,
,7.090627,1.502729,1.72369,
,7.103042,0.609358,1.701629,
,7.117267,0.895046,1.680399,
,7.130543,0.881189,1.659131,
,7.143481,0.577177,1.637664,
,7.156209,0.741146,1.615307,
,7.169147,0.553893,1.587839,
,7.184644,1.017385,1.561807,
,7.198968,0.87602,1.533661,
,7.214101,0.883154,1.50746,
,7.22789,0.857839,1.481769,
,7.241159,1.137983,1.457015,
,7.25373,1.594866,1.432101,
,7.26619,0.266319,1.402603,
,7.280714,0.901853,1.373872,
,7.294646,1.40597,1.345153,
,7.308381,0.835849,1.316754,
,7.321793,0.965487,1.288225,
,7.335113,-0.023419,1.25949,
,7.348388,0.910775,1.229932,
,7.361913,0.618296,1.199771,
,7.37559,0.917458,1.172023,
,7.388076,0.859608,1.142081,
,7.401457,0.894809,1.112621,
,7.41454,0.314002,1.083793,
,7.427274,1.006194,1.051239,
,7.441586,1.461416,1.02058,
,7.455011,1.141714,0.991222,
,7.467826,0.930263,0.959552,
,7.48162,1.907433,0.928223,
,7.495244,0.088265,0.897122,
,7.508758,0.934751,0.865691,
,7.522417,0.993576,0.834696,
,7.535899,0.629197,0.803113,
,7.549659,1.444045,0.771036,
,7.563671,1.369758,0.740172,
,7.577198,0.902522,0.711001,
,7.590036,0.236261,0.679652,
,7.603899,1.019035,0.649198,
,7.617446,0.449392,0.620136,
,7.630458,0.944641,0.587921,
,7.644992,0.777337,0.558186,
,7.658524,0.967518,0.526692,
,7.672994,1.999463,0.497384,
,7.686604,0.135094,0.467682,
,7.700553,0.223843,0.439692,
,7.71386,1.896539,0.411499,
,7.727438,0.405755,0.38569,
,7.740037,1.902171,0.359871,
,7.75282,0.769827,0.33279,
,7.766438,0.517507,0.307494,
,7.779373,0.286689,0.283451,
,7.791878,0.837268,0.259073,
,7.804788,1.149422,0.234986,
,7.817793,0.252639,0.211671,
,7.830643,0.378753,0.187475,
,7.844279,1.774742,0.163658,
,7.858032,1.375656,0.140685,
,7.871644,1.14595,0.117329,
,7.885875,1.366298,0.094119,
,7.900454,0.455174,0.073224,
,7.914001,0.817106,0.054491,
,7.926529,0.918366,0.03584,
,7.939408,1.880563,0.017531,
,7.952494,1.648478,-0.000851,
,7.966136,1.353707,-0.018444,
,7.979734,1.548958,-0.035239,
,7.993287,0.487689,-0.051351,
,8.0069,1.410991,-0.06563,
,8.019549,0.875512,-0.079461,
,8.032415,1.020942,-0.093575,
,8.046285,0.877628,-0.106463,
,8.059734,1.381058,-0.118768,
,8.07343,1.205424,-0.13011,
,8.08697,0.910563,-0.140583,
,8.100451,0.997054,-0.150522,
,8.114365,1.872782,-0.159465,
,8.128106,0.965602,-0.167448,
,8.141694,0.959379,-0.174337,
,8.154817,0.894786,-0.180369,
,8.167829,0.90093,-0.185962,
,8.181819,0.900793,-0.190316,
,8.194793,0.664881,-0.193714,
,8.207139,0.256188,-0.196575,
,8.220534,1.186344,-0.198548,
,8.233699,1.177473,-0.199752,
,8.248108,0.050106,-0.199966,
,8.262037,0.850085,-0.199352,
,8.274665,1.795096,-0.197869,
,8.288013,-0.132192,-0.195494,
,8.301535,0.081445,-0.19207,
,8.315683,0.909549,-0.187809,
,8.32948,1.360459,-0.182256,
,8.344221,0.807518,-0.175649,
,8.359012,0.880399,-0.168459,
,8.372988,0.72808,-0.161008,
,8.385895,0.844502,-0.152872,
,8.398667,1.821328,-0.142907,
,8.41292,-0.046382,-0.13246,
,8.426612,0.899998,-0.1208,
,8.440731,1.067307,-0.108679,
,8.454383,0.899428,-0.095576,
,8.468196,0.802787,-0.082079,
,8.481589,0.731776,-0.068595,
,8.494264,1.21721,-0.052913,
,8.508261,1.587575,-0.036419,
,8.522254,0.58214,-0.018962,
,8.536373,0.650546,-0.001856,
,8.549619,0.93831,0.016985,
,8.563625,1.586514,0.03559,
,8.576933,1.496236,0.056384,
,8.591271,0.560452,0.075593,
,8.604074,0.503807,0.095963,
,8.617238,0.618839,0.116843,
,8.630342,1.122866,0.140933,
,8.64502,0.725682,0.163553,
,8.658423,0.60541,0.188494,
,8.672818,-0.155739,0.213049,
,8.68664,1.181262,0.239319,
,8.701082,0.677828,0.265845,
,8.71534,0.900465,0.293124,
,8.729695,1.272464,0.321303,
,8.744231,-0.040661,0.34891,
,8.758211,0.870357,0.37788,
,8.772632,0.600911,0.40764,
,8.787206,1.798369,0.43798,
,8.801838,-0.14655,0.469332,
,8.816743,0.664198,0.501664,
,8.831909,1.743414,0.534859,
,8.847289,1.565513,0.566422,
,8.861753,0.767017,0.597191,
,8.875719,1.008754,0.632243,
,8.89149,1.323484,0.666724,
,8.906877,1.096696,0.699705,
,8.921494,1.1273,0.734903,
,8.937003,0.6851,0.768477,
,8.951726,0.77411,0.802374,
,8.966536,1.459021,0.836107,
,8.981233,1.708681,0.868105,
,8.995149,0.926889,0.900635,
,9.009285,0.923077,0.933128,
,9.023405,1.259567,0.965224,
,9.037365,0.165797,0.997163,
,9.051281,1.007156,1.028805,
,9.065103,0.799465,1.059926,
,9.078743,1.16725,1.0891,
,9.091581,1.933168,1.118733,
,9.104685,1.067359,1.149886,
,9.118539,1.90949,1.181553,
,9.132719,0.862871,1.210206,
,9.145645,0.882618,1.240984,
,9.159646,1.445321,1.270916,
,9.173391,0.900055,1.301201,
,9.187445,0.776461,1.331388,
,9.201615,0.855952,1.359956,
,9.215193,0.308599,1.387976,
,9.228684,0.892696,1.416601,
,9.242666,1.192959,1.443978,
,9.256244,0.973413,1.470683,
,9.269703,1.268489,1.497452,
,9.283429,1.383102,1.523952,
,9.297275,0.859001,1.549104,
,9.310675,0.369329,1.572812,
,9.323563,0.571918,1.59747,
,9.337258,0.787176,1.621727,
,9.351053,0.058114,1.643928,
,9.36399,0.949217,1.666334,
,9.377379,0.559482,1.689764,
,9.391783,0.508146,1.712006,
,9.405883,1.479743,1.733106,
,9.419693,0.266471,1.754676,
,9.434307,1.583547,1.775457,
,9.448928,0.3577,1.794559,
,9.462907,0.843579,1.812268,
,9.476397,0.270744,1.828513,
,9.489288,0.122219,1.845297,
,9.50321,0.475307,1.86105,
,9.516929,1.079813,1.875342,
,9.530016,1.19282,1.889296,
,9.543493,0.831615,1.901758,
,9.556229,1.455866,1.913733,
,9.569216,1.011238,1.924957,
,9.582198,0.957353,1.935896,
,9.595788,0.351886,1.945695,
,9.608953,1.975298,1.954584,
,9.621942,0.959052,1.963437,
,9.636186,0.862214,1.971531,
,9.650785,0.904407,1.978075,
,9.664176,0.868271,1.984257,
,9.678802,-0.054933,1.989156,
,9.692595,1.33333,1.993292,
,9.70695,1.922654,1.996233,
,9.720194,1.017143,1.998322,
,9.733356,0.409394,1.999639,
,9.747519,0.848033,1.99999,
,9.761833,0.909852,1.999361,
,9.776053,0.867306,1.997746,
,9.790361,1.469842,1.995406,
,9.803453,0.920306,1.992087,
,9.817122,0.895589,1.987761,
,9.831121,-0.144979,1.982291,
,9.845635,1.280911,1.976063,
,9.85965,1.615238,1.968902,
,9.873677,1.801345,1.960783,
,9.887766,0.908368,1.951806,
,9.90176,1.626598,1.942062,
,9.915571,0.964086,1.930637,
,9.930394,0.851209,1.918857,
,9.944485,0.886223,1.906837,
,9.95788,1.085283,1.893848,
,9.971457,0.900273,1.880213,
,9.984884,0.050047,1.865981,
,9.998151,0.386305,1.849729,
,10.012518,1.882085,1.833751,
,10.025956,1.721338,1.816388,
,10.039903,0.627094,1.799055,
,10.05324,0.049634,1.780402,
,10.067025,0.84847,1.761206,
,10.080679,0.00242,1.741437,
,10.094245,0.767204,1.722037,
,10.107127,0.971689,1.700102,
,10.121238,0.531472,1.67938,
,10.134174,0.645952,1.65764,
,10.147378,0.900839,1.635716,
,10.160352,0.618771,1.612651,
,10.173667,0.047448,1.587824,
,10.187655,0.441277,1.562777,
,10.201444,0.339111,1.538623,
,10.214461,1.515218,1.512569,
,10.228225,0.901037,1.487055,
,10.241451,0.831732,1.460165,
,10.255145,0.901412,1.432767,
,10.268862,1.106322,1.404892,
,10.282598,0.94056,1.376254,
,10.296501,1.385017,1.349517,
,10.309308,1.269695,1.319236,
,10.323629,0.045615,1.289729,
,10.337417,1.289932,1.26023,
,10.351051,0.919916,1.227819,
,10.365878,0.899602,1.193558,
,10.381396,0.685723,1.162435,
,10.395373,-0.161337,1.130052,
,10.409811,0.28423,1.099585,
,10.423309,0.072035,1.069037,
,10.436773,0.816052,1.036007,
,10.451264,0.404809,1.004473,
,10.46505,0.898772,0.972194,
,10.47912,0.089418,0.939557,
,10.49332,0.242349,0.907894,
,10.507081,0.832399,0.875388,
,10.521205,0.936613,0.845039,
,10.534401,1.888567,0.812642,
,10.548507,1.268489,0.779162,
,10.56312,0.039984,0.746388,
,10.577473,0.011192,0.713333,
,10.59201,-0.082022,0.680482,
,10.606535,0.973882,0.648883,
,10.62059,0.8157,0.615734,
,10.63544,0.067018,0.583368,
,10.65006,0.258549,0.553672,
,10.663591,0.523187,0.523249,
,10.677588,0.848992,0.492455,
,10.69191,0.075643,0.462789,
,10.705871,0.798366,0.434447,
,10.719375,0.684328,0.405856,
,10.733181,0.242712,0.378947,
,10.746361,1.131624,0.351199,
,10.760159,-0.101979,0.325092,
,10.773355,1.04859,0.298906,
,10.786818,0.883303,0.272178,
,10.80082,0.745051,0.246772,
,10.8144,1.47226,0.220576,
,10.828706,0.352597,0.195748,
,10.842584,-0.159096,0.172344,
,10.855979,0.662017,0.148224,
,10.870141,-0.161931,0.124871,
,10.884236,0.72595,0.103616,
,10.897435,1.39393,0.0837,
,10.910158,0.999543,0.064147,
,10.923027,0.073316,0.044983,
,10.936044,0.731539,0.025047,
,10.950068,1.626052,0.007099,
,10.963173,1.075791,-0.010602,
,10.976605,0.827089,-0.02906,
,10.991234,0.400928,-0.04594,
,11.005259,0.439932,-0.061494,
,11.018826,0.905692,-0.076697,
,11.032793,0.705202,-0.091423,
,11.047119,-0.056936,-0.104767,
,11.060919,-0.132062,-0.116415,
,11.073741,0.023461,-0.128361,
,11.087819,0.825123,-0.139166,
,11.101566,0.118432,-0.148809,
,11.114878,0.364889,-0.157956,
,11.128693,1.604075,-0.166232,
,11.142529,0.856967,-0.173705,
,11.156549,1.944717,-0.179892,
,11.169735,0.905036,-0.185443,
,11.183418,1.635794,-0.189954,
,11.196617,1.396498,-0.193867,
,11.210767,0.780832,-0.196754,
,11.224534,0.682062,-0.198702,
,11.238044,0.721272,-0.199852,
,11.253407,0.981572,-0.199929,
,11.266711,0.625218,-0.199086,
,11.280751,0.250165,-0.197301,
,11.294747,1.092741,-0.194503,
,11.309063,0.634237,-0.190656,
,11.323601,1.128798,-0.185789,
,11.338171,1.317506,-0.180113,
,11.352281,1.487371,-0.173231,
,11.366918,0.911809,-0.165521,
,11.381243,1.90185,-0.156827,
,11.395609,1.783806,-0.146558,
,11.410853,0.694579,-0.136327,
,11.424675,0.931229,-0.124863,
,11.438936,1.260951,-0.11204,
,11.453691,0.869981,-0.09847,
,11.468223,1.422634,-0.084061,
,11.482673,1.380214,-0.069738,
,11.496217,0.747886,-0.054884,
,11.509543,1.253566,-0.038139,
,11.523829,0.849122,-0.019852,
,11.538671,0.324199,-0.001271,
,11.553066,0.864782,0.018284,
,11.567573,0.723269,0.038604,
,11.582048,1.04785,0.057837,
,11.595257,0.570339,0.079982,
,11.609947,1.173877,0.101239,
,11.623588,1.007344,0.123002,
,11.63714,0.071394,0.145509,
,11.650764,1.741475,0.170262,
,11.665336,0.902679,0.194117,
,11.679016,0.886715,0.223982,
,11.695695,0.927226,0.251265,
,11.710545,0.917824,0.276044,
,11.723745,-0.031433,0.301636,
,11.73712,0.946555,0.329539,
,11.751431,1.04292,0.355681,
,11.764606,0.928909,0.383223,
,11.778269,0.757926,0.410205,
,11.791453,1.412869,0.438184,
,11.804938,1.766677,0.46684,
,11.818568,1.362851,0.496223,
,11.832374,0.936797,0.528429,
,11.847327,1.969398,0.559189,
,11.861454,0.425756,0.590949,
,11.875898,0.90596,0.623799,
,11.890706,1.621315,0.656657,
,11.905399,0.837444,0.68988,
,11.920152,-0.072656,0.721486,
,11.934104,1.050248,0.756013,
,11.94927,-0.035948,0.78904,
,11.963718,0.93692,0.822795,
,11.978439,1.675073,0.854978,
,11.992445,0.86859,0.886467,
,12.006132,0.278591,0.920297,
,12.020831,0.28232,0.95343,
,12.035236,0.741248,0.987509,
,12.050075,1.413053,1.022588,
,12.065387,1.971253,1.057766,
,12.080798,0.834775,1.092231,
,12.095966,0.961265,1.128456,
,12.112002,0.946348,1.158886,
,12.125562,0.793367,1.188985,
,12.139065,0.869558,1.21883,
,12.152558,0.89339,1.252832,
,12.168074,0.835947,1.292709,
,12.186491,1.247804,1.329064,
,12.203522,0.429583,1.365133,
,12.220675,1.224025,1.399836,
,12.237455,0.975439,1.433257,
,12.253904,0.60718,1.4643,
,12.269468,0.574406,1.491997,
,12.283615,1.668661,1.522977,
,12.299763,0.892581,1.548811,
,12.31352,0.997513,1.574711,
,12.327609,0.905031,1.601432,
,12.342492,1.8929,1.63025,
,12.358986,0.076049,1.652716,
,12.372202,0.708157,1.678554,
,12.38784,0.869926,1.70142,
,12.40212,1.191194,1.72495,
,12.417304,0.277076,1.746895,
,12.431976,0.696604,1.768005,
,12.446623,0.697815,1.786521,
,12.45996,0.821237,1.806583,
,12.475009,0.91453,1.830547,
,12.493945,0.952787,1.855524,
,12.51504,0.410917,1.876486,
,12.534096,0.9262,1.896088,
,12.553348,0.692455,1.911681,
,12.569935,0.767903,1.926195,
,12.586688,0.899032,1.938782,
,12.60256,1.850934,1.949756,
,12.617751,0.885746,1.959845,
,12.633225,0.75141,1.968506,
,12.648118,0.433221,1.975994,
,12.662729,0.061165,1.983887,
,12.680858,1.628892,1.989815,
,12.697674,0.969225,1.994119,
,12.713318,0.930375,1.997469,
,12.730332,1.224207,1.99938,
,12.746715,1.515318,1.999992,
,12.760912,0.899356,1.999647,
,12.77487,0.820625,1.998451,
,12.78813,0.85694,1.996338,
,12.801773,0.78827,1.99328,
,12.81562,1.890286,1.989085,
,12.830149,0.900027,1.98375,
,12.845018,1.188953,1.978154,
,12.858173,1.822988,1.971161,
,12.872444,1.088493,1.964012,
,12.885356,1.646928,1.955891,
,12.898569,0.901233,1.947121,
,12.911559,0.899066,1.937571,
,12.924558,-0.106277,1.927153,
,12.937677,1.523278,1.915616,
,12.951188,1.537867,1.903551,
,12.964398,1.159269,1.890955,
,12.977374,1.080655,1.876894,
,12.991044,1.434643,1.859465,
,13.007007,0.089072,1.838431,
,13.025087,0.171764,1.820338,
,13.039788,0.925093,1.802858,
,13.053362,1.728955,1.783939,
,13.067455,0.646468,1.763926,
,13.081778,0.310812,1.743328,
,13.095971,0.578557,1.72058,
,13.111082,1.021254,1.699773,
,13.12445,1.488844,1.67772,
,13.138198,0.262593,1.655672,
,13.151559,1.072797,1.632403,
,13.165288,0.381338,1.605582,
,13.180688,0.279196,1.580319,
,13.194823,1.922071,1.555413,
,13.208444,1.380791,1.529041,
,13.222558,1.717455,1.50331,
,13.236055,-0.023419,1.475476,
,13.25038,1.615671,1.448397,
,13.264067,0.9308,1.420217,
,13.278076,0.902327,1.391855,
,13.291955,0.86615,1.362063,
,13.306321,0.875722,1.330244,
,13.321447,0.588818,1.29949,
,13.335876,1.494556,1.269584,
,13.349746,1.18167,1.239202,
,13.36369,0.761236,1.209746,
,13.377086,0.933826,1.17553,
,13.392509,-0.012195,1.13949,
,13.408617,0.629696,1.100931,
,13.425717,1.216022,1.066273,
,13.440991,0.660327,1.034792,
,13.4548,1.026231,1.002815,
,13.468776,0.902719,0.969861,
,13.483139,-0.007189,0.936324,
,13.497728,-0.184812,0.904265,
,13.511661,-0.19343,0.872091,
,13.525641,0.954597,0.839265,
,13.539916,0.989049,0.806904,
,13.554011,1.900121,0.77515,
,13.567877,1.329168,0.741346,
,13.582689,0.865844,0.708115,
,13.597315,0.380462,0.676311,
,13.611387,0.392207,0.645128,
,13.625269,1.074692,0.606677,
,13.642521,0.825717,0.576507,
,13.656178,0.891916,0.543515,
,13.671252,0.814618,0.509759,
,13.686845,1.492633,0.478376,
,13.701517,0.847095,0.447285,
,13.71624,0.974405,0.416636,
,13.730956,1.080247,0.388415,
,13.744704,0.948763,0.355415,
,13.761051,1.20638,0.327105,
,13.775332,0.214547,0.30018,
,13.789161,0.925541,0.274718,
,13.802481,1.326405,0.245393,
,13.818148,0.118149,0.218641,
,13.832779,0.929908,0.192398,
,13.847485,0.906322,0.166354,
,13.862464,0.926564,0.142931,
,13.876304,1.282691,0.116731,
,13.892251,0.89911,0.091695,
,13.90801,1.022775,0.069141,
,13.922706,1.417142,0.048378,
,13.936709,0.411454,0.028773,
,13.95041,0.58441,0.010069,
,13.963973,-0.114707,-0.008052,
,13.977639,0.947304,-0.027496,
,13.99297,0.815569,-0.044085,
,14.006687,1.68372,-0.060584,
,14.021017,0.972479,-0.075498,
,14.034667,1.061133,-0.096451,
,14.055222,1.768645,-0.117987,
,14.078539,1.481206,-0.134899,
,14.09901,0.792257,-0.1458,
,14.113606,0.847858,-0.155229,
,14.127435,1.007743,-0.164089,
,14.141804,0.793848,-0.17181,
,14.155828,1.367742,-0.178468,
,14.169542,0.080807,-0.184903,
,14.184989,1.818504,-0.19015,
,14.200254,1.869943,-0.194073,
,14.214625,1.997987,-0.197357,
,14.231124,1.220246,-0.199114,
,14.245075,-0.069312,-0.199963,
,14.260318,0.928421,-0.199788,
,14.273653,0.934026,-0.198719,
,14.287334,0.517309,-0.196464,
,14.302597,1.948385,-0.192953,
,14.318393,0.118036,-0.188904,
,14.332206,0.883983,-0.183734,
,14.34656,1.369144,-0.177203,
,14.361737,1.218329,-0.169106,
,14.377805,1.085035,-0.161381,
,14.391284,0.898831,-0.152502,
,14.405228,1.92719,-0.142903,
,14.418931,1.544325,-0.130851,
,14.434632,0.946638,-0.118593,
,14.449294,1.352113,-0.105189,
,14.464156,1.587044,-0.091249,
,14.47858,0.824526,-0.075625,
,14.493742,-0.162525,-0.060618,
,14.507482,0.503242,-0.044871,
,14.521175,1.91361,-0.028319,
,14.534892,0.897197,-0.010073,
,14.54933,1.191574,0.008457,
,14.563362,0.900108,0.026386,
,14.576416,1.245354,0.045866,
,14.590091,1.371383,0.066162,
,14.603844,0.775853,0.087915,
,14.618091,0.896436,0.110662,
,14.632507,1.482133,0.133706,
,14.646668,1.00317,0.157553,
,14.660908,1.300152,0.183864,
,14.67618,1.583176,0.212497,
,14.692339,0.537471,0.237376,
,14.706032,0.815383,0.262071,
,14.719336,0.892071,0.294733,
,14.73654,0.899992,0.322093,
,14.750641,0.836464,0.34886,
,14.764193,1.025073,0.377455,
,14.778428,0.982931,0.409721,
,14.794222,0.818099,0.438681,
,14.808179,0.894674,0.471805,
,14.823915,0.777158,0.500641,
,14.837439,0.4657,0.531045,
,14.851538,0.891549,0.56546,
,14.86732,-0.009568,0.595021,
,14.880744,0.002965,0.626111,
,14.894747,1.848875,0.656175,
,14.908188,0.883394,0.687437,
,14.922073,0.58315,0.718145,
,14.935636,0.996815,0.749356,
,14.949355,0.242712,0.781147,
,14.963273,0.455772,0.814263,
,14.977725,0.94834,0.845483,
,14.991318,1.029758,0.876338,
,15.004733,0.861965,0.907549,
,15.018295,1.963118,0.943942,
,15.034113,1.028883,0.978693,
,15.049235,1.20787,1.009106,
,15.062499,1.04164,1.043067,
,15.077353,0.820661,1.073505,
,15.090718,1.003026,1.104678,
,15.104467,0.945484,1.134799,
,15.117825,1.18854,1.164985,
,15.131293,0.913226,1.199564,
,15.146839,0.76126,1.229839,
,15.160567,-0.016848,1.266435,
,15.177331,1.759897,1.294785,
,15.19046,0.587173,1.322387,
,15.203378,0.394849,1.350986,
,15.216917,1.709084,1.385181,
,15.233336,1.683663,1.411885,
,15.246353,-0.189618,1.437621,
,15.259078,1.258685,1.463575,
,15.272104,0.654145,1.489845,
,15.285509,0.918671,1.517059,
,15.299653,1.202847,1.541739,
,15.312729,0.29259,1.567846,
,15.326847,0.879593,1.594687,
,15.341702,0.950345,1.621327,
,15.35683,1.986279,1.645549,
,15.370953,0.301439,1.670241,
,15.385757,0.9,1.691134,
,15.398644,0.218939,1.712101,
,15.41195,1.188128,1.733825,
,15.426178,0.640796,1.757463,
,15.442242,1.891115,1.77619,
,15.455461,0.745328,1.796238,
,15.470169,-0.083164,1.813362,
,15.483254,1.955805,1.830343,
,15.496781,0.390929,1.848134,
,15.511638,0.90646,1.862587,
,15.524311,0.552121,1.877298,
,15.537867,0.893453,1.890608,
,15.550807,1.814459,1.904723,
,15.565376,0.700455,1.918619,
,15.580767,0.192914,1.930022,
,15.594369,1.09752,1.939879,
,15.607019,0.338392,1.949532,
,15.620429,1.059441,1.958902,
,15.634707,0.931037,1.966845,
,15.648123,0.619145,1.973802,
,15.661248,1.933103,1.979833,
,15.674106,1.109357,1.985151,
,15.687146,0.830859,1.990135,
,15.70171,1.645822,1.993685,
,15.714529,-0.088058,1.996799,
,15.729298,1.719772,1.998628,
,15.741896,1.73088,1.999731,
,15.755203,0.857655,1.999985,
,15.768279,0.900508,1.999415,
,15.781356,0.894424,1.9977,
,15.79668,1.028286,1.995221,
,15.810332,0.937314,1.992079,
,15.823158,1.166424,1.988057,
,15.836258,0.910282,1.982479,
,15.851184,1.751842,1.975632,
,15.866554,0.448274,1.968954,
,15.879587,0.568056,1.961522,
,15.892552,0.848383,1.951881,
,15.907656,0.913241,1.94288,
,15.920465,1.066052,1.932938,
,15.933517,1.036697,1.920969,
,15.948042,1.418616,1.909477,
,15.961019,1.460314,1.897385,
,15.973848,0.900413,1.884107,
,15.987132,0.837652,1.869157,
,16.001255,1.301489,1.853867,
,16.014938,0.944967,1.838667,
,16.027893,0.158704,1.822532,
,16.041046,0.897108,1.80495,
,16.05477,1.784889,1.788225,
,16.067316,0.183245,1.770169,
,16.080372,0.148028,1.75025,
,16.094261,1.300355,1.731264,
,16.107056,0.690848,1.711391,
,16.120039,0.622628,1.690737,
,16.133135,1.984079,1.669713,
,16.146095,0.970579,1.648104,
,16.159067,0.817106,1.621223,
,16.174763,0.876474,1.598907,
,16.18746,0.628096,1.57507,
,16.200722,0.483238,1.548028,
,16.215429,0.899883,1.520393,
,16.230127,1.525605,1.493732,
,16.244019,0.930767,1.467731,
,16.257322,0.731697,1.439437,
,16.271549,0.983041,1.410977,
,16.285624,1.772049,1.382355,
,16.299562,0.900942,1.352726,
,16.313786,0.783447,1.324124,
,16.327335,0.76853,1.294631,
,16.341143,0.860719,1.264146,
,16.355255,-0.166884,1.234394,
,16.368889,0.807537,1.20314,
,16.383078,0.036478,1.171741,
,16.397211,1.99564,1.139771,
,16.411495,0.489004,1.102558,
,16.428001,0.636969,1.064381,
,16.444826,0.184329,1.027679,
,16.460915,0.924388,0.99739,
,16.474146,0.908451,0.966156,
,16.487755,1.590604,0.936922,
,16.500471,0.971483,0.906177,
,16.513832,1.697323,0.871953,
,16.528704,0.833625,0.837369,
,16.543743,0.94047,0.808378,
,16.556372,0.316792,0.776989,
,16.570076,0.341649,0.7457,
,16.58378,1.510507,0.714524,
,16.597492,0.738147,0.683477,
,16.611214,1.006633,0.653053,
,16.624735,0.045201,0.621291,
,16.638948,1.054294,0.590288,
,16.652929,0.651887,0.560048,
,16.666681,0.901853,0.529688,
,16.68062,1.012244,0.49791,
,16.695368,1.151248,0.466571,
,16.710087,0.166565,0.431411,
,16.726837,1.070173,0.404256,
,16.739965,0.941129,0.377843,
,16.752911,1.179838,0.351342,
,16.766094,-0.112386,0.325617,
,16.779093,1.78507,0.300397,
,16.792051,1.072558,0.275852,
,16.804886,1.415486,0.248707,
,16.819363,0.303122,0.223962,
,16.832846,0.063392,0.199585,
,16.846424,0.939956,0.176799,
,16.859411,1.659987,0.154216,
,16.872593,0.655888,0.129168,
,16.887619,0.805521,0.107447,
,16.901033,1.956068,0.086154,
,16.914577,0.822757,0.065549,
,16.928097,0.796439,0.046005,
,16.941345,1.564261,0.026454,
,16.955067,0.944358,0.008126,
,16.968414,0.076224,-0.009455,
,16.981724,0.411544,-0.026202,
,16.994928,1.43483,-0.041991,
,17.007923,0.769434,-0.057721,
,17.021479,0.966672,-0.072668,
,17.035023,0.13722,-0.088188,
,17.049904,0.705032,-0.101218,
,17.063169,0.911069,-0.115091,
,17.078247,0.896463,-0.126527,
,17.091595,1.373936,-0.137781,
,17.105747,0.40147,-0.147549,
,17.11908,1.330217,-0.15736,
,17.133757,0.717627,-0.165334,
,17.146959,1.065114,-0.173117,
,17.161386,0.899333,-0.179397,
,17.174618,-0.070699,-0.184978,
,17.18819,0.70633,-0.189513,
,17.201218,0.459944,-0.193563,
,17.215534,0.619246,-0.196327,
,17.228197,0.683286,-0.198434,
,17.241756,1.798551,-0.199705,
,17.256191,1.109826,-0.199988,
,17.269497,0.771255,-0.199439,
,17.282528,1.253566,-0.198065,
,17.29562,0.872616,-0.195899,
,17.30855,1.165235,-0.192923,
,17.321512,1.645657,-0.188982,
,17.33497,0.587781,-0.18408,
,17.348679,0.020942,-0.178375,
,17.362194,1.136736,-0.172078,
,17.375185,0.989758,-0.164409,
,17.389177,0.972066,-0.156544,
,17.402058,0.992171,-0.147305,
,17.415802,1.131285,-0.137658,
,17.428947,0.957307,-0.126058,
,17.443506,1.04355,-0.114851,
,17.456558,0.870982,-0.102595,
,17.469915,0.510787,-0.090249,
,17.482584,0.566358,-0.076486,
,17.495934,0.781626,-0.058694,
,17.512196,0.818428,-0.043609,
,17.525248,0.335269,-0.024701,
,17.540812,1.823972,-0.006747,
,17.554895,0.264942,0.012145,
,17.56909,0.287741,0.032221,
,17.583569,0.954701,0.053233,
,17.598141,0.836108,0.072875,
,17.611294,1.567133,0.093158,
,17.624458,1.334511,0.113347,
,17.637182,0.900777,0.136757,
,17.651516,1.002411,0.15897,
,17.664743,1.22702,0.184443,
,17.679514,1.243101,0.207619,
,17.692621,1.342736,0.232322,
,17.706278,0.632253,0.256127,
,17.719162,1.795823,0.279592,
,17.731621,1.256809,0.308508,
,17.746675,0.760998,0.334832,
,17.760122,1.37495,0.364552,
,17.775038,0.92333,0.39099,
,17.78809,0.900263,0.419924,
,17.802164,1.340396,0.44853,
,17.815886,0.888358,0.476906,
,17.829323,-0.025388,0.507015,
,17.84341,0.475099,0.536984,
,17.857277,0.625017,0.569237,
,17.872046,1.448066,0.599243,
,17.885656,0.844049,0.632843,
,17.900766,0.421337,0.663202,
,17.91432,0.870379,0.693992,
,17.927977,0.92403,0.72458,
,17.941473,1.283008,0.758858,
,17.956524,0.968654,0.789581,
,17.969961,0.342462,0.822862,
,17.984474,0.986659,0.853509,
,17.997812,1.006152,0.884108,
,18.011112,0.221208,0.913765,
,18.023998,1.193513,0.944263,
,18.037256,1.056515,0.976539,
,18.0513,0.26111,1.008974,
,18.065445,0.890914,1.03942,
,18.078758,1.702132,1.071258,
,18.092731,0.881136,1.100993,
,18.105843,0.020942,1.130141,
,18.118757,0.699539,1.15922,
,18.131718,0.755867,1.188834,
,18.145004,0.783404,1.224507,
,18.161144,1.342906,1.254206,
,18.174711,0.614751,1.280998,
,18.187061,1.172271,1.312523,
,18.201748,1.715431,1.342366,
,18.215822,0.862537,1.369614,
,18.228832,0.903757,1.39779,
,18.242464,-0.138837,1.425683,
,18.256155,0.934727,1.451334,
,18.268938,0.085321,1.479509,
,18.283211,0.891555,1.503968,
,18.295818,0.74158,1.531481,
,18.310266,1.825265,1.557261,
,18.324089,0.898539,1.580993,
,18.337082,1.054873,1.604071,
,18.349989,0.674588,1.627567,
,18.363436,0.853071,1.652497,
,18.378078,1.453863,1.673364,
,18.390665,0.552007,1.696711,
,18.405149,1.871141,1.71901,
,18.419426,0.543267,1.739959,
,18.433289,0.372402,1.760669,
,18.447475,1.744649,1.779227,
,18.460653,0.887023,1.797455,
,18.474085,1.133322,1.816118,
,18.488415,1.102761,1.831851,
,18.501015,0.650034,1.849162,
,18.515522,1.746592,1.864944,
,18.529438,0.700426,1.880154,
,18.543589,0.690115,1.893054,
,18.556269,1.103165,1.90568,
,18.569405,0.547689,1.917321,
,18.582281,0.031772,1.929487,
,18.59671,0.748434,1.939831,
,18.609957,0.797671,1.949405,
,18.623247,0.9843,1.958277,
,18.636711,0.558248,1.966965,
,18.65134,0.330883,1.974716,
,18.666096,1.074317,1.981051,
,18.679928,0.012761,1.986642,
,18.694208,0.66289,1.991033,
,18.707701,0.914554,1.994959,
,18.722994,1.268295,1.997595,
,18.737158,1.489925,1.999191,
,18.750443,1.32628,1.999952,
,18.764324,0.986791,1.999796,
,18.777985,0.260086,1.99859,
,18.792971,0.279852,1.996639,
,18.806143,1.007575,1.993501,
,18.820747,1.288415,1.989769,
,18.834005,0.899879,1.98443,
,18.849279,1.145537,1.978785,
,18.862789,1.984612,1.972267,
,18.876318,0.985438,1.964388,
,18.890717,0.831698,1.956119,
,18.904222,1.140206,1.946906,
,18.91787,1.66457,1.93684,
,18.931517,0.846431,1.925242,
,18.94599,1.323192,1.913373,
,18.959717,1.159628,1.900855,
,18.973248,1.74836,1.887786,
,18.98653,1.085558,1.872141,
,19.001503,0.674922,1.857262,
,19.014963,0.949772,1.841325,
,19.028673,1.653249,1.823006,
,19.043671,0.900106,1.805205,
,19.057577,1.711678,1.787462,
,19.070881,0.441277,1.769652,
,19.083742,0.67662,1.74814,
,19.098707,0.898155,1.72755,
,19.112516,-0.115997,1.706532,
,19.126158,0.889065,1.684263,
,19.140167,0.477391,1.661973,
,19.153784,1.447545,1.638325,
,19.167833,1.493569,1.615026,
,19.18132,0.132404,1.591246,
,19.194757,-0.136163,1.565137,
,19.209167,1.015854,1.536397,
,19.224657,0.643008,1.510813,
,19.238152,1.007869,1.483414,
,19.252329,0.861627,1.458165,
,19.265163,1.801466,1.428853,
,19.279812,-0.064843,1.401831,
,19.293102,0.905769,1.371142,
,19.307972,1.813174,1.342018,
,19.32188,1.021611,1.31222,
,19.335932,-0.138054,1.281997,
,19.350014,0.960791,1.251907,
,19.363882,0.986169,1.223807,
,19.376713,0.937649,1.193491,
,19.390436,1.915803,1.164123,
,19.403627,1.343034,1.133386,
,19.417339,0.892348,1.101647,
,19.431406,0.865571,1.070361,
,19.4452,1.513111,1.03851,
,19.459177,0.542694,1.005616,
,19.473558,1.234012,0.972814,
,19.48786,0.844713,0.942139,
,19.501205,0.96106,0.907159,
,19.516409,0.937364,0.874915,
,19.53042,0.262286,0.844741,
,19.543539,0.920324,0.812287,
,19.557671,0.471335,0.777325,
,19.572931,0.657719,0.744904,
,19.587133,0.395122,0.7116,
,19.601784,1.853182,0.680701,
,19.615446,0.834004,0.650627,
,19.62882,0.021482,0.619346,
,19.642824,1.616213,0.589439,
,19.656317,0.233024,0.556228,
,19.671431,0.901681,0.524954,
,19.68581,1.375082,0.494297,
,19.700058,1.160771,0.465965,
,19.713377,1.252995,0.437298,
,19.727018,1.371823,0.410932,
,19.739725,1.256885,0.384136,
,19.752813,1.594653,0.356175,
,19.766678,0.891048,0.323397,
,19.783228,0.931728,0.293567,
,19.798603,1.238392,0.265403,
,19.813423,0.892548,0.238032,
,19.828146,1.734677,0.211949,
,19.842501,1.111324,0.188383,
,19.855774,1.567133,0.163165,
,19.870333,0.879263,0.139567,
,19.884329,0.508186,0.114518,
,19.899628,0.904557,0.093199,
,19.913054,0.719427,0.072884,
,19.926237,-0.129138,0.051686,
,19.940451,0.861036,0.031521,
,19.954464,1.998725,0.012033,
,19.968531,-0.140599,-0.005464,
,19.981659,0.948678,-0.021932,
,19.994513,0.635292,-0.039747,
,20.009045,1.543247,-0.055945,
,20.022919,0.724478,-0.071228,
,20.03669,0.931968,-0.085823,
,20.050579,1.28277,-0.100391,
,20.065308,0.801565,-0.112648,
,20.078514,1.312516,-0.12452,
,20.092186,0.649457,-0.136564,
,20.107164,1.526415,-0.147523,
,20.122046,0.694753,-0.156587,
,20.135546,1.604881,-0.165757,
,20.150703,0.748384,-0.173248,
,20.164646,0.900003,-0.179735,
,20.178385,1.956857,-0.18534,
,20.192152,0.995109,-0.18989,
,20.205421,1.315028,-0.193682,
,20.219021,0.991414,-0.19656,
,20.232464,0.655477,-0.198587,
,20.246042,0.905159,-0.199702,
,20.259151,0.899356,-0.199991,
,20.272182,1.018176,-0.199244,
,20.287987,1.165994,-0.197728,
,20.300997,1.738952,-0.194971,
,20.31599,0.455644,-0.191796,
,20.328678,0.901104,-0.187827,
,20.341438,1.375877,-0.182371,
,20.355951,1.969398,-0.176057,
,20.370173,0.641968,-0.169318,
,20.383419,1.264536,-0.161247,
,20.397512,0.849281,-0.152299,
,20.411537,1.28384,-0.143107,
,20.424658,0.899634,-0.131087,
,20.440346,0.890877,-0.118251,
,20.455692,0.973934,-0.102411,
,20.473112,1.573843,-0.08766,
,20.488155,0.880827,-0.073255,
,20.501968,-0.159623,-0.058224,
,20.515614,0.521377,-0.041742,
,20.529823,0.94249,-0.025377,
,20.543272,0.147029,-0.006822,
,20.55784,0.0793,0.011653,
,20.57173,0.870478,0.0294,
,20.584572,0.974737,0.048667,
,20.598022,0.627094,0.069865,
,20.612309,0.919997,0.089964,
,20.625414,0.843457,0.113772,
,20.64045,0.906322,0.135347,
,20.653667,0.122671,0.157866,
,20.667097,0.870807,0.185509,
,20.683126,0.899988,0.208612,
,20.696178,-0.029519,0.232065,
,20.709141,1.066235,0.2574,
,20.722845,0.888122,0.283454,
,20.736652,0.895943,0.30855,
,20.749701,1.05334,0.336113,
,20.763773,1.39957,0.36424,
,20.777885,0.77068,0.393101,
,20.792126,0.814618,0.42256,
,20.80644,0.892973,0.448692,
,20.818966,0.899879,0.480203,
,20.833876,0.554571,0.509246,
,20.84745,1.118925,0.539289,
,20.86134,0.915503,0.567533,
,20.874271,-0.002561,0.597449,
,20.887848,0.702338,0.627153,
,20.90122,0.641285,0.658034,
,20.915022,0.900147,0.689837,
,20.929142,0.890008,0.720055,
,20.942482,0.000295,0.750335,
,20.95579,0.802986,0.781257,
,20.969328,1.035705,0.812735,
,20.983065,0.945266,0.844883,
,20.997063,0.848033,0.876995,
,21.011024,0.838385,0.910758,
,21.025696,0.903364,0.943065,
,21.039738,0.900721,0.974158,
,21.053267,1.066966,1.005244,
,21.066818,0.948073,1.039694,
,21.081881,0.833955,1.072022,
,21.096071,0.68266,1.104948,
,21.110592,0.676741,1.136791,
,21.124716,1.069144,1.170589,
,21.139809,1.517831,1.202199,
,21.154036,1.911871,1.235383,
,21.1691,0.832183,1.265177,
,21.182756,1.276067,1.294267,
,21.196226,0.960224,1.32131,
,21.208878,1.691105,1.351175,
,21.223013,0.025318,1.378143,
,21.235941,0.864782,1.408995,
,21.250942,1.902491,1.436616,
,21.264584,-0.100954,1.46203,
,21.277328,0.167223,1.490278,
,21.291739,0.267999,1.514941,
,21.304548,0.879447,1.539202,
,21.317379,0.90965,1.566431,
,21.332081,1.14856,1.590183,
,21.34519,1.011751,1.612579,
,21.357824,-0.153766,1.634972,
,21.370745,0.890369,1.656649,
,21.38356,0.424521,1.680361,
,21.397961,0.915703,1.703548,
,21.412481,0.987206,1.723727,
,21.42551,0.677738,1.74438,
,21.439278,0.699653,1.766568,
,21.454617,0.874438,1.785855,
,21.468481,0.357936,1.805276,
,21.483017,1.312023,1.82425,
,21.497866,1.42356,1.842669,
,21.512999,0.835817,1.857879,
,21.526123,1.33908,1.873265,
,21.540083,0.015833,1.887069,
,21.553303,0.734964,1.899842,
,21.566236,1.543863,1.912652,
,21.580021,1.44164,1.924733,
,21.593943,0.899622,1.936147,
,21.608124,0.794431,1.946765,
,21.622471,0.900011,1.956213,
,21.636465,1.811462,1.964626,
,21.650234,0.829234,1.972132,
,21.66396,1.22021,1.978557,
,21.677248,0.91347,1.984375,
,21.69112,1.05687,1.988938,
,21.703934,0.954611,1.992877,
,21.71735,0.60607,1.996206,
,21.732063,1.461992,1.998354,
,21.745625,0.322303,1.999644,
,21.759613,1.000697,1.999999,
,21.772461,1.488942,1.999558,
,21.785313,0.879189,1.998186,
,21.799225,0.89352,1.995961,
,21.812744,0.42085,1.993054,
,21.825512,0.898282,1.989004,
,21.839407,0.834677,1.984425,
,21.852295,1.427644,1.97896,
,21.8654,-0.016909,1.971833,
,21.880165,0.499605,1.964602,
,21.893349,1.817216,1.956372,
,21.90683,0.95239,1.946926,
,21.920843,0.710115,1.937115,
,21.934162,1.132303,1.926944,
,21.946941,0.921173,1.91523,
,21.960634,1.252501,1.903258,
,21.973719,0.930845,1.890393,
,21.986944,0.345803,1.877091,
,21.999866,1.517077,1.86239,
,22.013403,1.092741,1.846331,
,22.027441,1.034904,1.829965,
,22.041063,0.774926,1.813192,
,22.054415,0.272216,1.796204,
,22.067394,1.04039,1.778067,
,22.080725,1.16028,1.760136,
,22.093437,0.438585,1.741675,
,22.106096,0.783272,1.722239,
,22.119007,0.481832,1.701546,
,22.132336,0.844109,1.679834,
,22.145906,0.775537,1.659036,
,22.158552,0.74038,1.636372,
,22.17198,0.664353,1.613545,
,22.185169,0.275964,1.590317,
,22.198278,0.935374,1.566186,
,22.211597,1.636618,1.542557,
,22.224371,0.943193,1.51344,
,22.239782,0.146306,1.487642,
,22.25316,0.76566,1.461214,
,22.266626,0.758239,1.434746,
,22.27989,1.5854,1.404471,
,22.294815,1.112002,1.371681,
,22.310715,1.041231,1.342581,
,22.324617,0.899532,1.311084,
,22.339466,0.916286,1.282926,
,22.352585,0.890237,1.253717,
,22.366055,1.326029,1.226205,
,22.378624,0.849137,1.190384,
,22.39484,0.051876,1.15673,
,22.409937,1.482964,1.12512,
,22.424013,0.429232,1.089441,
,22.439798,0.656141,1.059346,
,22.453043,0.897998,1.027686,
,22.466919,0.961965,0.99412,
,22.481579,1.750602,0.961215,
,22.495911,0.228782,0.931098,
,22.509008,0.900994,0.9012,
,22.522001,1.353535,0.870567,
,22.535313,0.906589,0.841938,
,22.547762,1.265155,0.807498,
,22.562761,0.688057,0.777488,
,22.575863,0.067602,0.741926,
,22.591444,0.678793,0.708295,
,22.606245,1.013319,0.679408,
,22.619022,1.104494,0.650035,
,22.632088,0.930408,0.614029,
,22.648218,0.797978,0.5801,
,22.663555,0.300844,0.546687,
,22.678804,0.304802,0.515118,
,22.693367,0.881399,0.484114,
,22.70783,0.736054,0.455539,
,22.721321,0.428221,0.42665,
,22.735132,0.984375,0.398636,
,22.748711,1.053265,0.370482,
,22.76256,0.190435,0.343365,
,22.776108,1.150222,0.316992,
,22.789505,1.103309,0.289742,
,22.8036,0.184545,0.262549,
,22.817947,0.501183,0.237741,
,22.831306,0.810702,0.213581,
,22.844595,1.786637,0.18903,
,22.858408,0.56872,0.161262,
,22.874451,-0.107047,0.135458,
,22.889809,1.242051,0.11392,
,22.903002,0.848412,0.090218,
,22.917967,0.664042,0.066025,
,22.933784,-0.167479,0.045057,
,22.948006,1.196992,0.025795,
,22.961544,0.040815,0.008028,
,22.974495,1.01011,-0.010039,
,22.988182,0.860248,-0.026533,
,23.001202,0.885746,-0.043623,
,23.015306,0.913889,-0.059022,
,23.028637,0.549548,-0.075408,
,23.043591,1.205424,-0.0892,
,23.056911,1.295066,-0.102588,
,23.070618,0.85159,-0.115969,
,23.085247,1.539555,-0.129167,
,23.100821,0.89035,-0.139714,
,23.114307,0.241674,-0.150223,
,23.128941,1.272034,-0.158924,
,23.14225,0.503807,-0.166833,
,23.155607,1.120906,-0.174233,
,23.169622,0.158814,-0.180826,
,23.183905,1.042944,-0.186546,
,23.198444,1.246785,-0.19145,
,23.213642,1.231649,-0.194942,
,23.227425,0.223843,-0.197572,
,23.241512,0.42014,-0.199295,
,23.256161,0.851308,-0.199967,
,23.269594,0.785428,-0.199691,
,23.284595,1.383236,-0.198396,
,23.299089,0.671966,-0.195924,
,23.31443,0.91113,-0.192509,
,23.329082,0.097696,-0.188042,
,23.343811,0.879584,-0.182475,
,23.358702,0.892465,-0.175751,
,23.373814,0.793743,-0.168977,
,23.387053,0.854584,-0.161627,
,23.399887,1.811645,-0.152673,
,23.41398,0.74661,-0.143363,
,23.427311,1.302545,-0.132283,
,23.441851,0.110603,-0.121488,
,23.454943,1.424858,-0.108893,
,23.469164,0.720052,-0.096172,
,23.482601,0.848077,-0.082979,
,23.495735,1.511558,-0.069303,
,23.508629,0.230145,-0.05244,
,23.523687,0.050519,-0.037117,
,23.53669,0.824174,-0.021071,
,23.549717,0.898801,-0.003964,
,23.56303,1.000352,0.013086,
,23.575787,0.88179,0.031369,
,23.58897,0.245823,0.050881,
,23.602543,1.023112,0.071735,
,23.616549,0.902351,0.093955,
,23.630974,0.289393,0.117446,
,23.645729,0.765754,0.1414,
,23.660316,1.450628,0.165917,
,23.674818,1.87974,0.191964,
,23.689808,-0.082403,0.217461,
,23.704105,0.404088,0.245175,
,23.719273,0.82224,0.271279,
,23.733238,1.217499,0.299669,
,23.748112,-0.118515,0.326467,
,23.761881,0.099587,0.352923,
,23.77524,1.141462,0.381202,
,23.789286,0.698103,0.407987,
,23.802389,0.930643,0.437327,
,23.81654,1.238914,0.471403,
,23.832735,0.76176,0.507923,
,23.849838,-0.120324,0.540672,
,23.864979,0.888205,0.573111,
,23.879814,0.176454,0.602398,
,23.893085,1.094121,0.632466,
,23.906605,1.046671,0.664039,
,23.920698,0.493547,0.69628,
,23.934996,1.202635,0.727912,
,23.948944,0.965274,0.757996,
,23.962151,0.109123,0.79591,
,23.978729,1.39357,0.830726,
,23.993906,0.837156,0.866447,
,24.009443,0.713779,0.896938,
,24.022694,-0.084688,0.92722,
,24.035852,1.096185,0.959465,
,24.049873,0.898853,0.994906,
,24.065311,0.544375,1.02985,
,24.080574,1.941252,1.062992,
,24.095104,0.970971,1.097522,
,24.110313,1.215914,1.12869,
,24.124119,0.511106,1.158461,
,24.137384,0.501466,1.188314,
,24.150776,0.897471,1.217417,
,24.163929,0.892994,1.247305,
,24.177553,0.000478,1.276343,
,24.190914,0.537201,1.305622,
,24.204525,1.226325,1.335832,
,24.218731,1.91761,1.370188,
,24.235113,1.739304,1.400624,
,24.249851,1.209826,1.430402,
,24.2645,1.658871,1.460916,
,24.27977,1.680267,1.487141,
,24.293127,1.067307,1.512452,
,24.306248,1.931607,1.538109,
,24.319799,1.895198,1.562706,
,24.333052,0.976214,1.586096,
,24.345917,0.592095,1.617086,
,24.363403,0.785102,1.642553,
,24.378195,1.363766,1.66282,
,24.39027,0.994794,1.685759,
,24.404305,1.03824,1.708607,
,24.418715,0.934299,1.731607,
,24.433712,0.842555,1.754889,
,24.449469,0.997653,1.776165,
,24.464451,1.684003,1.796087,
,24.479065,0.520076,1.813851,
,24.492645,1.222387,1.830665,
,24.506052,0.139064,1.848261,
,24.520756,1.874171,1.866057,
,24.536453,1.233199,1.881618,
,24.551001,0.911553,1.895404,
,24.564661,0.420584,1.907991,
,24.577902,0.315862,1.920078,
,24.591461,1.263841,1.933268,
,24.607441,1.01778,1.943587,
,24.621044,1.797702,1.953787,
,24.635744,0.310124,1.963241,
,24.650869,0.727282,1.97121,
,24.665186,0.019802,1.977904,
,24.678816,1.002554,1.983319,
,24.691433,1.030404,1.989026,
,24.707207,1.61086,1.992882,
,24.720375,0.961028,1.995877,
,24.733381,1.335186,1.998513,
,24.749918,1.054974,1.999747,
,24.764523,1.297201,1.999977,
,24.777832,0.923684,1.999354,
,24.791155,0.866209,1.997486,
,24.807095,1.4859,1.994999,
,24.820368,0.383733,1.991572,
,24.833979,1.206911,1.986401,
,24.850004,0.698534,1.980823,
,24.864149,0.94704,1.974812,
,24.877251,0.972084,1.967184,
,24.891811,0.967102,1.957992,
,24.907286,0.15473,1.949173,
,24.920631,0.700512,1.93989,
,24.933508,0.876149,1.929816,
,24.946428,0.882727,1.916932,
,24.961706,0.444566,1.904477,
,24.975426,0.052583,1.891352,
,24.988987,0.811694,1.877834,
,25.002167,0.896812,1.863002,
,25.015858,0.898391,1.845686,
,25.030993,0.888991,1.827538,
,25.046034,0.975316,1.80772,
,25.061655,0.84177,1.78716,
,25.077108,0.930845,1.768919,
,25.090269,-0.153241,1.747913,
,25.104868,0.896072,1.727925,
,25.118275,1.199229,1.706691,
,25.132061,1.144586,1.68299,
,25.146961,0.867445,1.661171,
,25.160273,1.727091,1.638676,
,25.173634,-0.101274,1.613856,
,25.187994,0.904762,1.589748,
,25.201599,0.414804,1.565207,
,25.215136,0.898038,1.540171,
,25.228649,0.783775,1.509869,
,25.244652,0.974405,1.48126,
,25.259438,1.111324,1.455251,
,25.272636,0.941768,1.429223,
,25.285635,-0.075878,1.400374,
,25.29982,0.945388,1.369338,
,25.314844,0.814375,1.338905,
,25.329363,1.069724,1.311226,
,25.342403,0.641252,1.27762,
,25.358046,1.368049,1.248402,
,25.371494,0.36503,1.219072,
,25.384869,1.168377,1.185173,
,25.400188,1.992225,1.15316,
,25.414534,1.728664,1.123806,
,25.427599,1.96081,1.090222,
,25.442457,1.300598,1.060565,
,25.455511,1.984278,1.027576,
,25.469969,0.459264,0.996842,
,25.483395,1.054445,0.963008,
,25.498135,1.373055,0.926624,
,25.513956,1.444943,0.892526,
,25.528772,0.726163,0.861958,
,25.542057,0.74831,0.831084,
,25.555489,0.883763,0.798827,
,25.569548,0.691375,0.767084,
,25.583418,1.230617,0.73243,
,25.598618,0.92398,0.69909,
,25.613312,1.675298,0.66747,
,25.627327,0.903745,0.637585,
,25.640654,0.190651,0.597213,
,25.658806,0.91327,0.566845,
,25.672588,-0.143801,0.537951,
,25.685822,1.324026,0.509977,
,25.698755,0.313021,0.481072,
,25.712261,0.54189,0.449944,
,25.726986,0.889692,0.421181,
,25.740772,0.908421,0.387388,
,25.757221,0.728875,0.359456,
,25.771046,1.232349,0.332172,
,25.784769,0.729589,0.303172,
,25.799623,0.945035,0.274398,
,25.814661,0.883228,0.246333,
,25.829653,1.438723,0.221813,
,25.843039,-0.193162,0.199438,
,25.855515,1.150286,0.171453,
,25.87151,0.7191,0.146139,
,25.886398,1.040582,0.123522,
,25.900078,1.115316,0.102995,
,25.912842,0.798244,0.083181,
,25.92551,1.805543,0.063297,
,25.93861,1.468055,0.043809,
,25.95187,0.830387,0.023131,
,25.966459,0.857865,0.002151,
,25.981888,1.321362,-0.016119,
,25.995922,0.878622,-0.034998,
,26.011106,1.347862,-0.052941,
,26.026299,0.876503,-0.070197,
,26.041744,0.916738,-0.08422,
,26.055019,0.552385,-0.097366,
,26.068174,1.027348,-0.112875,
,26.084772,0.883966,-0.125301,
,26.099127,1.980482,-0.136048,
,26.112501,0.904789,-0.145917,
,26.125782,0.532443,-0.155178,
,26.139368,1.392222,-0.164127,
,26.153881,0.801384,-0.171846,
,26.16791,0.576084,-0.178447,
,26.181509,0.879966,-0.184753,
,26.196608,0.417298,-0.190009,
,26.211809,0.984561,-0.194156,
,26.226986,0.627996,-0.197299,
,26.242775,0.548752,-0.199188,
,26.257912,0.927724,-0.199979,
,26.273312,0.89389,-0.19973,
,26.286861,1.943932,-0.198593,
,26.300453,0.596589,-0.196544,
,26.314171,0.733321,-0.193045,
,26.33005,1.374288,-0.188611,
,26.34511,0.493791,-0.183571,
,26.358984,0.959114,-0.176617,
,26.375,0.062337,-0.169756,
,26.388611,1.647039,-0.161777,
,26.402639,1.600159,-0.152057,
,26.417904,0.902045,-0.141755,
,26.432505,1.369056,-0.130142,
,26.447525,1.040246,-0.117146,
,26.462963,0.899863,-0.102785,
,26.478724,0.869647,-0.088413,
,26.493418,1.383903,-0.073911,
,26.507362,0.989221,-0.059058,
,26.520882,0.946957,-0.043218,
,26.534586,1.162473,-0.025426,
,26.549238,0.84987,-0.005547,
,26.564823,0.986433,0.012429,
,26.578308,1.063972,0.031773,
,26.59226,1.215806,0.050712,
,26.605431,1.301327,0.071104,
,26.619135,0.864457,0.091739,
,26.632559,0.980497,0.117875,
,26.648996,0.563021,0.140841,
,26.662983,1.72099,0.163366,
,26.676331,1.33253,0.185997,
,26.689411,0.911069,0.212759,
,26.704496,0.339447,0.238368,
,26.718584,1.314739,0.262895,
,26.731787,1.68236,0.291339,
,26.746782,0.553215,0.319068,
,26.761106,1.120846,0.349457,
,26.776505,0.89661,0.380705,
,26.792044,1.199299,0.412629,
,26.807644,0.131002,0.442165,
,26.821857,0.00242,0.470281,
,26.835209,0.907585,0.50348,
,26.850775,1.687749,0.535429,
,26.86557,0.233599,0.568121,
,26.880545,1.202811,0.598494,
,26.894325,0.599193,0.631492,
,26.909172,1.346792,0.664128,
,26.92374,0.950921,0.6943,
,26.937122,1.539197,0.728409,
,26.952166,0.628697,0.760698,
,26.966339,1.323484,0.795106,
,26.981382,1.052214,0.830956,
,26.997007,0.00242,0.865013,
,27.011824,-0.008592,0.895391,
,27.025024,1.641792,0.927113,
,27.038809,0.702537,0.958158,
,27.052307,0.900921,0.988728,
,27.06562,0.904082,1.02684,
,27.082262,0.892162,1.056922,
,27.095442,0.931865,1.089498,
,27.109776,0.88975,1.11919,
,27.122906,1.066574,1.148763,
,27.136057,0.331124,1.180015,
,27.150045,0.128698,1.210345,
,27.163727,0.923625,1.245157,
,27.179573,0.781736,1.276451,
,27.193966,0.821112,1.308676,
,27.208956,0.900008,1.33891,
,27.223192,1.343034,1.36613,
,27.236168,0.802307,1.396631,
,27.250908,1.076812,1.425641,
,27.265144,1.359374,1.453091,
,27.27883,0.031534,1.47887,
,27.291893,1.639919,1.504849,
,27.305285,-0.064969,1.530946,
,27.318993,0.782966,1.556475,
,27.332672,0.375837,1.580591,
,27.345869,0.276571,1.604389,
,27.359177,-0.167413,1.629661,
,27.373659,0.646694,1.655504,
,27.38888,-0.163383,1.677555,
,27.402241,0.426681,1.69842,
,27.415236,0.847639,1.719673,
,27.428867,1.693555,1.742085,
,27.443729,0.35501,1.762732,
,27.457926,0.814356,1.783234,
,27.47257,0.823325,1.802192,
,27.486671,0.898855,1.821168,
,27.501411,1.500941,1.838746,
,27.515717,0.86655,1.855113,
,27.529696,0.9563,1.87019,
,27.54324,0.872637,1.884046,
,27.556353,0.899925,1.897919,
,27.570246,1.108596,1.91053,
,27.583679,0.780987,1.922403,
,27.597183,1.419031,1.933374,
,27.610579,1.393615,1.94347,
,27.623888,1.245166,1.952745,
,27.637178,1.417326,1.962264,
,27.652227,1.026345,1.970522,
,27.666882,1.126721,1.977242,
,27.680389,0.687969,1.983129,
,27.693964,0.941768,1.988136,
,27.70752,0.922057,1.992612,
,27.722355,0.915599,1.99592,
,27.736599,1.14162,1.998276,
,27.751015,1.242651,1.999578,
,27.764532,1.305841,1.999991,
,27.779734,0.898719,1.999374,
,27.793907,1.586354,1.997759,
,27.808294,0.700626,1.995105,
,27.822884,0.89874,1.991475,
,27.837318,1.76263,1.986604,
,27.852444,1.366298,1.981419,
,27.865749,0.412215,1.974995,
,27.879879,-0.050746,1.967784,
,27.893734,1.185351,1.959532,
,27.907822,1.783926,1.95018,
,27.922173,1.534038,1.940019,
,27.936338,1.251589,1.928829,
,27.950647,1.691048,1.916657,
,27.965023,1.268995,1.903875,
,27.979071,0.788655,1.890591,
,27.992752,1.363461,1.876732,
,28.006212,0.901182,1.860799,
,28.020834,1.439193,1.844364,
,28.035118,0.310861,1.827273,
,28.049252,0.917858,1.809418,
,28.063349,1.283444,1.790407,
,28.077717,0.894528,1.771292,
,28.091585,-0.062078,1.75241,
,28.104792,0.886426,1.73227,
,28.118401,0.23871,1.710721,
,28.132483,0.999522,1.688822,
,28.146343,1.001593,1.668198,
,28.159027,1.842836,1.646631,
,28.171951,0.900783,1.622196,
,28.186214,1.817768,1.597707,
,28.200146,1.399208,1.573746,
,28.213461,0.808798,1.549906,
,28.226431,1.233162,1.523998,
,28.240238,0.528122,1.497857,
,28.253899,1.158422,1.471855,
,28.267239,1.303439,1.445518,
,28.280523,0.900738,1.418347,
,28.294012,1.165961,1.389398,
,28.308163,0.897084,1.362163,
,28.321289,1.079514,1.3348,
,28.334309,1.111795,1.304575,
,28.348518,0.136437,1.275504,
,28.362026,-0.107883,1.247031,
,28.375126,0.054939,1.215378,
,28.389549,0.898478,1.184127,
,28.403662,0.71502,1.151311,
,28.418362,1.261258,1.119012,
,28.43273,0.554608,1.087803,
,28.446527,0.711257,1.057373,
,28.459915,1.059134,1.024747,
,28.474211,1.443951,0.994329,
,28.487494,0.879207,0.96121,
,28.501919,0.33796,0.926553,
,28.516991,0.884465,0.892949,
,28.531591,1.037812,0.860569,
,28.545666,1.042775,0.824602,
,28.561314,-0.130242,0.791533,
,28.575733,0.9465,0.761639,
,28.588804,0.465573,0.728879,
,28.603182,0.888509,0.696353,
,28.617525,1.224243,0.664828,
,28.631504,1.219739,0.633307,
,28.645571,0.287641,0.602443,
,28.659447,0.586457,0.571793,
,28.673338,0.308845,0.54249,
,28.686737,0.89004,0.513534,
,28.700108,0.593797,0.481822,
,28.714912,0.862735,0.453439,
,28.728325,1.508957,0.42578,
,28.741558,1.26473,0.397762,
,28.755144,1.199019,0.368284,
,28.769655,0.873279,0.338508,
,28.784565,1.75202,0.310717,
,28.798735,0.537432,0.282838,
,28.813221,0.083123,0.255397,
,28.827776,-0.06478,0.22872,
,28.842241,0.899991,0.202526,
,28.856781,1.011794,0.176998,
,28.871307,0.851899,0.152627,
,28.885546,1.759481,0.127494,
,28.900652,0.895935,0.10412,
,28.915136,1.759659,0.082399,
,28.929022,0.892614,0.060731,
,28.943335,0.78134,0.04039,
,28.957247,0.899992,0.021153,
,28.970888,1.295146,0.002212,
,28.984846,1.230544,-0.016581,
,28.999289,1.595721,-0.03308,
,29.012531,1.573212,-0.050898,
,29.027529,0.907946,-0.067125,
,29.041931,0.577431,-0.08241,
,29.056269,0.10119,-0.096453,
,29.070238,-0.169862,-0.10947,
,29.084019,1.815071,-0.12134,
,29.097437,0.190705,-0.132131,
,29.110512,1.272894,-0.142119,
,29.123545,0.908658,-0.151524,
,29.13686,0.033501,-0.160487,
,29.150787,0.679965,-0.169017,
,29.165573,1.410808,-0.176247,
,29.179777,0.779969,-0.182523,
,29.193968,-0.123431,-0.187703,
,29.207747,0.873914,-0.191861,
,29.221102,0.936197,-0.195369,
,29.235407,0.845985,-0.197903,
,29.249763,1.564939,-0.199422,
,29.263783,1.966157,-0.199996,
,29.277906,1.5985,-0.199649,
,29.291359,0.402961,-0.198302,
,29.305841,1.607894,-0.195995,
,29.320078,1.644607,-0.192975,
,29.333324,1.788023,-0.189078,
,29.346687,0.289993,-0.183803,
,29.361399,0.921906,-0.177949,
,29.375139,0.685011,-0.171191,
,29.388905,0.886574,-0.163447,
,29.402836,0.898765,-0.155227,
,29.416111,1.858377,-0.145975,
,29.429691,0.942517,-0.13574,
,29.443453,1.212827,-0.12414,
,29.457817,1.392267,-0.112797,
,29.470869,0.732615,-0.100937,
,29.483671,1.025209,-0.087275,
,29.497545,1.284396,-0.07289,
,29.511316,-0.08418,-0.056936,
,29.525761,0.672944,-0.040811,
,29.539614,1.901402,-0.024581,
,29.552919,1.180313,-0.005681,
,29.567724,0.532831,0.012189,
,29.581135,0.891783,0.030857,
,29.594614,0.577686,0.051409,
,29.60891,1.066653,0.072471,
,29.623039,1.264343,0.093552,
,29.636723,0.866655,0.116505,
,29.651154,0.939637,0.139416,
,29.665131,1.948188,0.16288,
,29.67905,1.521359,0.188416,
,29.693794,0.905022,0.212942,
,29.707602,1.078837,0.237298,
,29.721004,-0.11761,0.262278,
,29.734461,0.107984,0.28832,
,29.748209,1.501984,0.313793,
,29.761406,0.580152,0.340439,
,29.774969,1.955541,0.370356,
,29.78993,0.805403,0.399295,
,29.804163,0.540893,0.428444,
,29.818283,1.744238,0.458577,
,29.832674,0.942954,0.490097,
,29.847527,1.264614,0.521448,
,29.86212,1.537305,0.553021,
,29.876652,1.001572,0.583751,
,29.890656,1.222532,0.616401,
,29.905401,0.970341,0.647245,
,29.91922,0.756668,0.67857,
,29.933159,1.352242,0.711969,
,29.947927,1.223078,0.743072,
,29.961613,1.267053,0.773415,
,29.974907,1.8639,0.804607,
,29.988531,1.265348,0.835454,
,30.001968,1.617134,0.868868,
,30.016502,1.523379,0.902918,
,30.031298,1.694867,0.935885,
,30.045624,0.839964,0.966884,
,30.059109,0.916319,0.996839,
,30.072161,0.178794,1.027897,
,30.085726,0.866233,1.059237,
,30.099461,1.046647,1.090477,
,30.113211,0.869312,1.123068,
,30.127628,0.913942,1.153975,
,30.141386,0.84303,1.186042,
,30.155758,0.869402,1.217857,
,30.170135,1.734209,1.249825,
,30.184713,0.639099,1.280627,
,30.198902,1.481596,1.311512,
,30.213287,0.329868,1.347158,
,30.23011,1.058166,1.379054,
,30.24539,1.943867,1.406688,
,30.258821,0.526207,1.43448,
,30.27253,0.903656,1.46388,
,30.287273,1.3709,1.492127,
,30.301701,0.851758,1.523538,
,30.318077,1.001185,1.551709,
,30.333099,0.09339,1.577186,
,30.346991,0.365872,1.60367,
,30.361774,0.699797,1.630505,
,30.377151,0.901049,1.658076,
,30.393423,0.278389,1.683107,
,30.408667,1.070781,1.706019,
,30.423065,0.891748,1.729341,
,30.438217,0.854666,1.75155,
,30.453176,0.986772,1.77302,
,30.468204,1.982613,1.794489,
,30.483875,0.881004,1.816131,
,30.500437,0.130047,1.836036,
,30.516468,0.679214,1.852939,
,30.530802,0.941259,1.871104,
,30.547087,1.71925,1.886686,
,30.561935,0.68844,1.90597,
,30.581726,-0.023542,1.921075,
,30.598629,0.046088,1.933154,
,30.613302,1.119974,1.944962,
,30.628952,0.578412,1.955762,
,30.644775,1.646928,1.96587,
,30.661413,0.663825,1.974737,
,30.67815,0.902005,1.981484,
,30.692965,1.713697,1.987132,
,30.707603,0.843731,1.992194,
,30.723808,0.106559,1.995854,
,30.739273,1.238727,1.998307,
,30.754261,0.892229,1.999663,
,30.768948,0.928432,1.999962,
,30.784748,0.90222,1.999154,
,30.799532,0.900239,1.997053,
,30.815777,0.986564,1.993872,
,30.831253,0.772675,1.989471,
,30.846962,1.055731,1.984408,
,30.861349,1.273558,1.97794,
,30.876659,1.857625,1.970613,
,30.891506,0.659229,1.962715,
,30.905575,1.024825,1.953167,
,30.920748,0.934774,1.942771,
,30.935627,1.297121,1.931817,
,30.949942,0.86471,1.919366,
,30.964918,0.904037,1.905687,
,30.980139,0.311843,1.891231,
,30.995115,0.854078,1.873942,
,31.011837,0.492975,1.857031,
,31.027178,0.706668,1.839339,
,31.042347,0.904701,1.822368,
,31.056192,1.861387,1.803083,
,31.071209,1.2695,1.783816,
,31.085564,0.289243,1.762529,
,31.100775,0.725763,1.741536,
,31.1152,0.213221,1.719062,
,31.130089,1.097492,1.695674,
,31.145054,0.864818,1.671328,
,31.160128,1.143732,1.646497,
,31.175034,0.306973,1.62179,
,31.189451,0.706612,1.596273,
,31.203955,1.353147,1.568614,
,31.219278,0.798917,1.540449,
,31.234507,1.156506,1.507627,
,31.251827,1.712024,1.467207,
,31.272602,1.107224,1.436011,
,31.288271,0.540394,1.404649,
,31.303738,-0.018074,1.372993,
,31.319092,0.294385,1.341504,
,31.334137,0.670558,1.304559,
,31.351528,1.314533,1.266886,
,31.369007,0.911123,1.228713,
,31.386492,0.891419,1.194023,
,31.402208,0.90394,1.15674,
,31.418941,0.903491,1.120741,
,31.434965,-0.146354,1.081926,
,31.452122,0.043424,1.042969,
,31.469236,0.608183,1.005404,
,31.485664,0.905349,0.96758,
,31.50215,0.488798,0.928427,
,31.519178,0.451795,0.879512,
,31.540434,0.885959,0.839536,
,31.557816,0.967119,0.802856,
,31.573795,0.880012,0.76656,
,31.589653,0.515287,0.729704,
,31.605824,0.036062,0.691605,
,31.622627,0.887277,0.6422,
,31.644596,0.97383,0.605723,
,31.660969,1.191436,0.566572,
,31.678719,1.906919,0.53309,
,31.694067,0.843791,0.502651,
,31.70817,1.118207,0.470217,
,31.723381,0.928367,0.437246,
,31.739054,1.184668,0.400698,
,31.756714,-0.170325,0.357611,
,31.777971,1.420231,0.32459,
,31.794632,0.782549,0.292928,
,31.810947,0.736054,0.261965,
,31.827267,-0.114964,0.231681,
,31.843622,-0.037374,0.203253,
,31.859375,1.230212,0.175588,
,31.875124,1.009262,0.14768,
,31.891485,1.816051,0.123116,
,31.906334,0.904896,0.100554,
,31.920389,0.713226,0.07722,
,31.9354,0.277076,0.054396,
,31.950617,0.699137,0.033713,
,31.964928,1.396814,0.012782,
,31.979992,0.622696,-0.007147,
,31.994961,0.759514,-0.02527,
,32.009193,0.929809,-0.041998,
,32.022945,0.848688,-0.058901,
,32.037537,-0.117739,-0.074924,
,32.052147,0.908789,-0.090011,
,32.066727,1.499057,-0.104927,
,32.082111,0.899908,-0.119874,
,32.098732,0.379354,-0.13664,
,32.119274,1.854057,-0.150023,
,32.137657,1.172438,-0.159523,
,32.152222,0.03368,-0.169365,
,32.16922,0.202944,-0.177112,
,32.184616,0.836818,-0.183688,
,32.199871,1.255395,-0.189144,
,32.215076,0.900744,-0.19343,
,32.230019,1.766379,-0.196653,
,32.244987,1.312886,-0.198685,
,32.258907,0.67163,-0.199816,
,32.27354,-0.171054,-0.199943,
,32.287167,0.922459,-0.199211,
,32.300388,1.687238,-0.197532,
,32.314304,0.90194,-0.194665,
,32.329372,1.031865,-0.19112,
,32.343052,1.120335,-0.18609,
,32.358372,0.870511,-0.180991,
,32.371265,1.386936,-0.175115,
,32.38414,0.900858,-0.165969,
,32.401478,0.896336,-0.157554,
,32.415489,0.740201,-0.147207,
,32.430958,0.959161,-0.136728,
,32.445175,1.013815,-0.124823,
,32.460003,0.236209,-0.111682,
,32.475109,1.160052,-0.09819,
,32.489532,1.127667,-0.085097,
,32.502686,0.900865,-0.070732,
,32.516319,0.972066,-0.054759,
,32.530674,0.767507,-0.038281,
,32.544731,0.847975,-0.021909,
,32.55806,0.316792,-0.004618,
,32.571541,0.706077,0.013427,
,32.585049,1.225301,0.036,
,32.601246,0.895906,0.055795,
,32.614895,0.934798,0.076054,
,32.628399,0.900339,0.099491,
,32.643501,0.783338,0.125605,
,32.659756,0.198447,0.14743,
,32.672932,0.146306,0.170392,
,32.686432,0.997833,0.193368,
,32.699612,1.428156,0.217562,
,32.713169,0.970528,0.240958,
,32.725998,1.139986,0.269318,
,32.741207,1.62518,0.294303,
,32.754333,0.498754,0.32174,
,32.768478,0.88391,0.347692,
,32.781624,1.98668,0.381061,
,32.798225,0.776259,0.408219,
,32.811512,0.796047,0.435591,
,32.824718,-0.11258,0.465538,
,32.838974,1.005154,0.492882,
,32.851833,-0.03694,0.521494,
,32.865143,1.602357,0.549829,
,32.878193,0.999583,0.583992,
,32.893768,0.775492,0.614573,
,32.907581,0.907364,0.645456,
,32.921425,0.720567,0.676269,
,32.935139,0.027233,0.708672,
,32.949478,0.930464,0.739595,
,32.963089,0.90598,0.775521,
,32.978832,0.643235,0.806937,
,32.99255,0.897197,0.840253,
,33.007061,1.017209,0.873025,
,33.021313,1.027097,0.904172,
,33.034847,0.978028,0.939239,
,33.050087,0.869536,0.970465,
,33.063671,0.933685,1.001927,
,33.077385,0.903003,1.032474,
,33.090733,1.618924,1.063118,
,33.104168,0.799323,1.093595,
,33.117588,1.09525,1.126201,
,33.132023,1.584817,1.160949,
,33.147507,0.905624,1.19079,
,33.1609,1.869943,1.222682,
,33.175331,1.551953,1.257747,
,33.191353,1.023899,1.288624,
,33.205612,0.880765,1.318594,
,33.219612,1.66782,1.348009,
,33.233517,1.423468,1.384263,
,33.250912,1.309889,1.41446,
,33.265636,1.190159,1.452106,
,33.28434,0.900405,1.480157,
,33.298557,0.794452,1.51023,
,33.314095,0.336856,1.542263,
,33.331028,0.446551,1.576204,
,33.349453,1.788023,1.605384,
,33.365746,0.689881,1.631127,
,33.380516,0.913897,1.655394,
,33.394821,1.102876,1.683612,
,33.411983,0.624009,1.711387,
,33.429508,0.357276,1.734219,
,33.444458,-0.037126,1.757613,
,33.460365,1.727615,1.778948,
,33.475468,1.761976,1.798329,
,33.489758,0.765261,1.816793,
,33.50396,0.825752,1.835525,
,33.519051,0.038262,1.855942,
,33.53643,0.631391,1.877423,
,33.556004,0.820733,1.895069,
,33.57333,1.959887,1.909451,
,33.588501,0.916573,1.922459,
,33.603256,0.905936,1.936597,
,33.62072,1.022954,1.947644,
,33.635731,0.826118,1.960364,
,33.655094,-0.033782,1.969544,
,33.671055,0.841584,1.976439,
,33.684685,0.076979,1.982631,
,33.698738,1.312311,1.988811,
,33.715557,1.861387,1.993649,
,33.732399,0.448919,1.996904,
,33.747917,0.901723,1.998798,
,33.761436,1.254861,1.999823,
,33.775215,0.919844,1.999945,
,33.788548,0.892663,1.999183,
,33.802212,0.84879,1.997468,
,33.816219,0.6154,1.99489,
,33.829872,1.109826,1.991121,
,33.844551,0.910166,1.986787,
,33.857937,1.734209,1.9814,
,33.871803,0.922902,1.974323,
,33.887253,-0.111485,1.967032,
,33.901093,0.817456,1.959135,
,33.914467,0.93115,1.950635,
,33.927513,0.490234,1.941449,
,33.940426,1.783746,1.931183,
,33.953739,0.870434,1.919996,
,33.96719,0.875542,1.907907,
,33.980747,0.860184,1.894345,
,33.994976,0.90081,1.881766,
,34.007416,0.180478,1.867412,
,34.02087,0.569162,1.850207,
,34.036129,0.415918,1.831871,
,34.051521,0.121711,1.81551,
,34.064617,-0.000798,1.794606,
,34.080601,0.838449,1.776321,
,34.093994,0.815439,1.757918,
,34.106991,0.805285,1.738585,
,34.12019,0.519642,1.71906,
,34.133095,0.810223,1.698555,
,34.14624,0.768646,1.677486,
,34.159363,0.93708,1.652387,
,34.174541,0.118319,1.627489,
,34.189163,1.380924,1.604205,
,34.202488,0.656299,1.580044,
,34.215996,0.872041,1.555111,
,34.229626,1.219558,1.529502,
,34.243336,1.218473,1.504098,
,34.256668,1.068434,1.47744,
,34.270397,1.031632,1.44872,
,34.284927,0.891102,1.417625,
,34.300373,0.964524,1.387844,
,34.314922,0.672089,1.360201,
,34.328232,1.294784,1.326926,
,34.344032,1.501288,1.299813,
,34.356747,0.165633,1.269725,
,34.370701,1.464971,1.240751,
,34.384003,1.062988,1.210727,
,34.397663,0.656394,1.180979,
,34.411083,0.849281,1.151577,
,34.424252,0.421603,1.121135,
,34.437794,0.988382,1.090268,
,34.451447,0.576704,1.060159,
,34.464699,0.886035,1.029368,
,34.478195,1.225886,0.999205,
,34.491371,0.884853,0.967745,
,34.505081,1.361241,0.936955,
,34.518475,0.761451,0.90497,
,34.532375,1.060055,0.873211,
,34.546177,1.448398,0.840294,
,34.56049,1.440227,0.8044,
,34.576126,0.899625,0.775912,
,34.588566,1.207266,0.745298,
,34.601974,0.965815,0.710787,
,34.617157,0.966722,0.681079,
,34.630295,0.912103,0.650288,
,34.643986,1.817155,0.621197,
,34.657009,1.004077,0.590561,
,34.670822,0.631391,0.560993,
,34.684269,0.092987,0.525944,
,34.700367,1.752552,0.497958,
,34.713364,0.64872,0.46942,
,34.726761,-0.157055,0.44238,
,34.739601,1.435813,0.415668,
,34.752445,1.387428,0.384909,
,34.767448,0.502637,0.35793,
,34.780815,0.102448,0.32701,
,34.796402,0.191836,0.301372,
,34.809563,1.166655,0.275531,
,34.823074,1.384037,0.250095,
,34.836632,0.237929,0.224869,
,34.850365,0.811827,0.199303,
,34.864601,0.804693,0.173743,
,34.879192,0.996755,0.150335,
,34.89291,1.150703,0.128386,
,34.906113,0.900111,0.107541,
,34.918995,0.904475,0.085323,
,34.933132,-0.003899,0.065617,
,34.946068,0.01487,0.046501,
,34.959023,0.897167,0.027874,
,34.972073,1.64632,0.008853,
,34.985893,0.699653,-0.009163,
,34.999516,-0.149762,-0.025564,
,35.012432,0.302132,-0.043635,
,35.027328,0.955966,-0.058747,
,35.040405,1.43586,-0.073823,
,35.054119,0.894452,-0.087597,
,35.067337,1.040246,-0.10059,
,35.080528,1.555939,-0.114469,
,35.095566,1.144365,-0.125412,
,35.108269,-0.157252,-0.136638,
,35.122276,1.143006,-0.146814,
,35.136055,0.413242,-0.155733,
,35.149235,0.901583,-0.164697,
,35.163872,0.486867,-0.171839,
,35.176907,0.106616,-0.179309,
,35.19244,0.984803,-0.184577,
,35.205158,0.644078,-0.189249,
,35.218407,0.979375,-0.193072,
,35.231617,0.902532,-0.196589,
,35.247635,0.830235,-0.198753,
,35.262524,0.553102,-0.19977,
,35.275505,0.566912,-0.199971,
,35.288731,1.283721,-0.199255,
,35.302883,0.845851,-0.197641,
,35.316593,0.851913,-0.195169,
,35.330093,1.786757,-0.191604,
,35.344376,0.2146,-0.187426,
,35.35762,0.871373,-0.182225,
,35.371323,1.384438,-0.176193,
,35.384903,1.517228,-0.169487,
,35.398121,0.937823,-0.162092,
,35.411125,1.039361,-0.153825,
,35.424259,0.954761,-0.144569,
,35.43766,1.015876,-0.134142,
,35.451508,0.482949,-0.123609,
,35.464455,0.900001,-0.112022,
,35.477737,0.472173,-0.099875,
,35.490788,0.90158,-0.08595,
,35.504852,0.001024,-0.071344,
,35.518757,0.701397,-0.056247,
,35.532372,0.897943,-0.040752,
,35.54567,1.209969,-0.02432,
,35.559135,0.865416,-0.007742,
,35.572147,1.862329,0.009754,
,35.585342,0.312236,0.031314,
,35.600945,0.777785,0.054239,
,35.616844,1.61746,0.076312,
,35.631573,0.805482,0.09702,
,35.644939,0.97472,0.117762,
,35.657936,0.875612,0.139708,
,35.67131,1.951796,0.164994,
,35.686291,1.620988,0.188485,
,35.699841,1.084677,0.212123,
,35.71315,0.256702,0.24031,
,35.728649,0.06052,0.264006,
,35.74139,0.894763,0.288886,
,35.754513,0.415651,0.314272,
,35.767658,0.521456,0.342526,
,35.782028,0.625621,0.370073,
,35.795795,0.815978,0.396337,
,35.808723,1.030035,0.422878,
,35.821609,1.603001,0.452227,
,35.835663,0.915912,0.480905,
,35.84922,0.841754,0.509942,
,35.862789,1.044716,0.538707,
,35.876087,0.874571,0.573716,
,35.892101,0.78178,0.604049,
,35.905842,1.830445,0.634509,
,35.919533,0.501587,0.665575,
,35.933392,1.048664,0.696238,
,35.946987,1.489483,0.727863,
,35.960934,1.51577,0.758456,
,35.974365,1.822865,0.790375,
,35.988327,0.935133,0.822643,
,36.002396,0.984617,0.854347,
,36.016193,1.058956,0.889432,
,36.031445,0.261059,0.921714,
,36.045471,1.972578,0.953181,
,36.059151,0.937339,0.983585,
,36.072388,0.950388,1.018599,
,36.087666,1.126173,1.053622,
,36.103004,0.924941,1.083608,
,36.116188,0.607491,1.117835,
,36.131313,1.153499,1.147749,
,36.144611,0.898417,1.177445,
,36.157902,1.771033,1.208483,
,36.17189,1.049207,1.238085,
,36.185349,-0.119484,1.274192,
,36.201931,0.191405,1.301793,
,36.214748,1.652249,1.333781,
,36.229774,1.42231,1.363032,
,36.243694,1.033497,1.39065,
,36.257008,1.077917,1.41717,
,36.269974,0.922728,1.447309,
,36.284939,0.335173,1.476557,
,36.299721,0.943219,1.503075,
,36.313374,0.486496,1.529077,
,36.327011,0.75146,1.553567,
,36.340107,0.897532,1.578089,
,36.353497,0.572468,1.60214,
,36.366917,0.341554,1.62513,
,36.380043,0.229254,1.650545,
,36.394936,1.018,1.672401,
,36.408096,0.915567,1.694304,
,36.421654,1.155534,1.715424,
,36.435116,0.669975,1.73744,
,36.449615,1.255968,1.757316,
,36.463161,0.939344,1.779076,
,36.478561,0.130328,1.796932,
,36.491711,-0.032916,1.814207,
,36.504936,0.909013,1.832396,
,36.519478,0.898029,1.849084,
,36.533474,0.893249,1.864733,
,36.547264,1.105131,1.881655,
,36.563049,0.908009,1.897246,
,36.57856,0.893364,1.910057,
,36.592167,1.562748,1.924035,
,36.608124,0.016134,1.93641,
,36.623482,1.623709,1.947782,
,36.638931,1.20883,1.957278,
,36.653145,0.820553,1.965416,
,36.666622,1.077782,1.972896,
,36.68047,0.717654,1.980234,
,36.696045,1.633819,1.985667,
,36.709549,0.206947,1.990368,
,36.723492,0.743029,1.994186,
,36.737625,1.023944,1.996884,
,36.750805,0.611391,1.998867,
,36.765091,0.835622,1.999831,
,36.778412,1.058089,1.99994,
,36.791759,1.120936,1.999225,
,36.804729,1.879296,1.997604,
,36.81834,1.215878,1.995121,
,36.831821,1.173207,1.991566,
,36.846012,1.403787,1.9863,
,36.862297,1.088771,1.981322,
,36.874989,1.342012,1.975386,
,36.888084,0.724263,1.968352,
,36.901711,1.035304,1.960717,
,36.914902,0.897053,1.952146,
,36.928284,0.927831,1.942865,
,36.941505,1.955147,1.932197,
,36.955471,0.879115,1.920397,
,36.96973,0.986226,1.908752,
,36.98283,0.431031,1.896076,
,36.996212,0.433964,1.883151,
,37.009083,0.489742,1.869139,
,37.022293,1.824834,1.854413,
,37.03548,1.127362,1.837944,
,37.049519,0.971517,1.819699,
,37.06432,1.111354,1.803856,
,37.076626,1.786034,1.786705,
,37.089455,0.946046,1.768926,
,37.102276,1.289533,1.748398,
,37.11655,0.854897,1.728632,
,37.129822,1.324234,1.706711,
,37.144062,1.942821,1.686514,
,37.156788,0.507746,1.664489,
,37.170284,0.125828,1.641429,
,37.184029,1.839172,1.618309,
,37.197456,0.899693,1.593425,
,37.211555,0.909947,1.569694,
,37.224693,0.354774,1.544882,
,37.23814,0.394713,1.518521,
,37.252132,0.874622,1.493548,
,37.265133,0.836238,1.464617,
,37.279922,0.977867,1.437007,
,37.293781,0.900132,1.408086,
,37.308064,1.542631,1.380364,
,37.321545,1.219775,1.350856,
,37.335697,0.704353,1.323445,
,37.348675,0.927278,1.295846,
,37.361599,0.691842,1.260846,
,37.377796,0.615435,1.230003,
,37.391911,1.110413,1.200163,
,37.405445,1.849187,1.17215,
,37.418049,0.858258,1.143419,
,37.430889,-0.126282,1.112741,
,37.444515,0.607665,1.083243,
,37.457546,1.625671,1.051663,
,37.471432,0.721082,1.022606,
,37.484154,1.864591,0.991961,
,37.497536,-0.170193,0.962724,
,37.510269,0.372495,0.9339,
,37.522804,0.829727,0.902478,
,37.536461,0.939408,0.86711,
,37.55183,0.883121,0.834705,
,37.565926,0.944237,0.805842,
,37.578499,1.78495,0.776155,
,37.591461,0.726057,0.744794,
,37.605198,0.520155,0.71498,
,37.618313,0.382996,0.684381,
,37.631832,0.946238,0.653883,
,37.645386,-0.038551,0.623687,
,37.658894,0.637199,0.592954,
,37.672745,1.626653,0.564616,
,37.685616,0.921783,0.536076,
,37.698696,0.842402,0.50839,
,37.711506,0.892636,0.478017,
,37.725712,1.579688,0.44865,
,37.739613,0.254852,0.419341,
,37.753674,-0.008775,0.391478,
,37.767227,0.907168,0.36536,
,37.780117,0.942148,0.339094,
,37.793278,0.068595,0.313776,
,37.806171,0.761903,0.289379,
,37.818806,0.503283,0.264058,
,37.832157,1.165268,0.237962,
,37.846203,0.84603,0.214464,
,37.859119,0.898645,0.191434,
,37.872055,1.476093,0.169068,
,37.884907,0.906699,0.145951,
,37.898521,1.125017,0.123795,
,37.911922,0.713917,0.103377,
,37.924614,0.374121,0.080672,
,37.939152,0.901928,0.060388,
,37.952572,0.560266,0.040009,
,37.966522,0.659229,0.021028,
,37.979988,1.470567,0.003436,
,37.992935,1.169372,-0.013472,
,38.005863,0.900382,-0.029839,
,38.018894,1.742121,-0.046389,
,38.032669,1.115999,-0.062274,
,38.046551,0.568646,-0.076211,
,38.059361,0.536931,-0.089922,
,38.072647,1.557443,-0.103432,
,38.086525,1.948516,-0.116216,
,38.100544,1.816971,-0.127925,
,38.114311,0.526872,-0.138069,
,38.127148,0.936932,-0.147833,
,38.140507,0.490275,-0.15689,
,38.154037,0.914919,-0.165356,
,38.168018,0.901053,-0.172514,
,38.181221,0.901951,-0.179504,
,38.195881,0.917611,-0.184686,
,38.208443,1.039384,-0.189163,
,38.221146,0.930767,-0.192858,
,38.233795,0.082371,-0.196031,
,38.247673,0.299803,-0.198105,
,38.260227,1.931737,-0.199519,
,38.274151,0.280205,-0.199997,
,38.287167,0.900307,-0.199583,
,38.301453,0.422311,-0.198306,
,38.314819,1.207657,-0.195995,
,38.329086,1.854871,-0.193071,
,38.341961,1.365337,-0.189008,
,38.355911,0.992443,-0.184367,
,38.368961,0.539357,-0.178855,
,38.382153,1.529002,-0.171804,
,38.396736,0.950374,-0.163977,
,38.410942,0.89822,-0.15595,
,38.424004,-0.078979,-0.147213,
,38.436954,0.80497,-0.136934,
,38.450912,0.470664,-0.12532,
,38.465416,1.546691,-0.112955,
,38.479702,0.254904,-0.099583,
,38.494095,1.069619,-0.086723,
,38.507099,0.897091,-0.072145,
,38.521019,1.676877,-0.057438,
,38.534325,0.902031,-0.041571,
,38.547985,0.896425,-0.022678,
,38.56345,0.784015,-0.004433,
,38.577686,1.672258,0.012477,
,38.590355,1.750307,0.030931,
,38.603676,0.674922,0.049442,
,38.616573,1.939294,0.070264,
,38.630592,1.709833,0.092738,
,38.64521,1.018088,0.117419,
,38.660728,1.213328,0.138482,
,38.673576,0.052347,0.162993,
,38.688126,0.664105,0.187386,
,38.702217,1.71925,0.212349,
,38.716282,0.998817,0.236211,
,38.72942,1.256045,0.264903,
,38.744869,0.833823,0.290506,
,38.758362,0.647531,0.31714,
,38.772133,1.396092,0.343549,
,38.785545,0.917021,0.369777,
,38.798653,0.89964,0.396567,
,38.81184,0.713696,0.42523,
,38.825745,1.992627,0.453755,
,38.839394,0.344086,0.483596,
,38.853489,1.340524,0.514418,
,38.86787,0.640633,0.54643,
,38.882637,0.865214,0.578584,
,38.89732,0.293189,0.610199,
,38.911617,0.706161,0.638829,
,38.924469,0.891408,0.669438,
,38.938114,0.699309,0.700491,
,38.95187,0.410604,0.732087,
,38.965794,0.828568,0.762322,
,38.979061,0.252742,0.792905,
,38.992432,0.44288,0.824247,
,39.0061,1.053792,0.854223,
,39.019142,0.830792,0.883036,
,39.03167,1.123895,0.914767,
,39.045456,0.703616,0.945416,
,39.058777,0.840933,0.974982,
,39.071644,0.906015,1.007639,
,39.085884,0.800861,1.038675,
,39.099453,1.399434,1.072017,
,39.114086,0.286087,1.104573,
,39.128445,0.038262,1.134885,
,39.141888,0.86569,1.169297,
,39.157249,1.764355,1.199731,
,39.170937,0.105418,1.228482,
,39.183975,1.803717,1.259411,
,39.19812,0.292441,1.287508,
,39.211102,0.900004,1.314661,
,39.22377,0.188924,1.341723,
,39.236538,1.312557,1.370997,
,39.250519,0.937947,1.398177,
,39.263672,-0.030445,1.423746,
,39.276218,1.505266,1.449723,
,39.28915,1.228926,1.483432,
,39.30624,1.246032,1.51095,
,39.320477,1.330301,1.535414,
,39.333378,0.151965,1.561783,
,39.347565,0.901087,1.584855,
,39.360241,1.09145,1.608017,
,39.373245,0.816423,1.630938,
,39.386414,1.268373,1.654011,
,39.400002,0.742953,1.6756,
,39.413055,0.917289,1.696527,
,39.426056,0.901945,1.717953,
,39.439762,1.462472,1.739435,
,39.453957,0.907135,1.75892,
,39.467278,1.411953,1.778678,
,39.481277,1.47483,1.798041,
,39.495548,0.894514,1.817567,
,39.510574,0.928714,1.834292,
,39.52404,1.592467,1.8526,
,39.539516,0.836593,1.869408,
,39.554531,0.906316,1.886297,
,39.57056,0.37644,1.899942,
,39.584358,0.12808,1.912843,
,39.598251,1.643944,1.924924,
,39.612186,0.932474,1.936938,
,39.627171,0.907441,1.948332,
,39.642719,1.262182,1.957897,
,39.657127,0.750644,1.966148,
,39.67091,0.892887,1.973276,
,39.684223,0.592166,1.979631,
,39.69767,1.940338,1.985308,
,39.71159,1.862831,1.989879,
,39.724907,0.856807,1.993608,
,39.738239,0.573493,1.996326,
,39.750713,0.866877,1.998558,
,39.765316,1.036484,1.999679,
,39.778248,0.914825,1.999996,
,39.791134,1.356904,1.999483,
,39.804436,1.254747,1.998167,
,39.817387,-0.107754,1.995807,
,39.831535,0.976817,1.99264,
,39.845108,0.922699,1.988786,
,39.858093,0.900023,1.983655,
,39.872284,1.134746,1.978314,
,39.88485,0.389512,1.971741,
,39.898361,0.892099,1.964466,
,39.911602,0.883394,1.956758,
,39.924244,-0.071961,1.948439,
,39.936707,1.808164,1.937825,
,39.951252,0.990989,1.927577,
,39.964188,1.620119,1.916658,
,39.977036,1.870069,1.904502,
,39.990414,0.900123,1.891126,
,40.00423,1.203552,1.87692,
,40.018047,1.567395,1.862489,
,40.031334,1.470567,1.846492,
,40.045322,1.467959,1.831201,
,40.058075,1.648645,1.815231,
,40.070839,0.811161,1.798394,
,40.083767,0.47635,1.779668,
,40.097588,1.439569,1.761116,
,40.110771,1.778278,1.74234,
,40.123665,1.882656,1.72286,
,40.13662,0.576776,1.700135,
,40.151249,-0.103645,1.679266,
,40.164272,1.391593,1.655238,
,40.178844,1.450106,1.633037,
,40.191944,1.2503,1.609243,
,40.205639,0.778143,1.584014,
,40.219803,1.986413,1.558523,
,40.233784,-0.037498,1.53178,
,40.248135,0.386718,1.50738,
,40.260963,0.864962,1.481756,
,40.274197,1.094403,1.45687,
,40.286835,0.554608,1.430006,
,40.300262,1.399253,1.402698,
,40.313702,0.911415,1.374688,
,40.327286,0.880729,1.345254,
,40.341366,0.588318,1.317343,
,40.354549,0.906862,1.289044,
,40.367764,0.063099,1.258572,
,40.381844,1.994167,1.228338,
,40.395672,0.873195,1.197131,
,40.409817,0.785298,1.168801,
,40.422554,1.11056,1.140313,
,40.435276,0.293538,1.106246,
,40.450394,1.493126,1.076716,
,40.463425,-0.089968,1.04532,
,40.477215,0.894749,1.015722,
,40.490166,0.82826,0.982935,
,40.504471,0.824526,0.953367,
,40.517345,-0.16048,0.921535,
,40.531181,0.461768,0.890586,
,40.544632,0.900098,0.859059,
,40.558334,0.973569,0.827788,
,40.571938,0.706753,0.795887,
,40.585846,-0.146747,0.765569,
,40.599098,1.316225,0.733843,
,40.61301,0.321086,0.702223,
,40.626942,0.121711,0.672268,
,40.640209,0.666616,0.640723,
,40.654266,1.169938,0.612404,
,40.666969,0.956787,0.581266,
,40.681042,0.874978,0.552441,
,40.694187,0.508307,0.521344,
,40.7085,0.38143,0.493647,
,40.721382,0.889165,0.465891,
,40.734432,1.110061,0.43876,
,40.747337,1.630478,0.410491,
,40.76096,1.542733,0.384458,
,40.773678,0.231402,0.355224,
,40.788174,1.91845,0.328264,
,40.801769,0.755965,0.300527,
,40.816006,0.020342,0.27559,
,40.829048,0.977867,0.249438,
,40.842991,0.81596,0.225511,
,40.856014,0.787799,0.199598,
,40.870441,0.899938,0.176604,
,40.883549,0.364046,0.154662,
,40.896355,1.127728,0.133784,
,40.90884,0.283074,0.11203,
,40.922195,0.911443,0.090179,
,40.936008,0.895542,0.069462,
,40.94952,0.665098,0.05035,
,40.962387,1.915609,0.031517,
,40.975491,1.390606,0.012253,
,40.989388,0.901129,-0.004457,
,41.001911,0.450723,-0.022545,
,41.016022,1.809996,-0.038818,
,41.029289,0.837572,-0.05522,
,41.043301,1.810912,-0.06947,
,41.056087,0.789124,-0.083058,
,41.068909,1.458159,-0.09638,
,41.082176,0.904687,-0.108345,
,41.094803,1.476773,-0.120153,
,41.108067,1.242051,-0.13204,
,41.12241,0.995327,-0.141708,
,41.134998,-0.032607,-0.151942,
,41.149494,0.698534,-0.161093,
,41.163795,0.899851,-0.168482,
,41.176601,0.872488,-0.175048,
,41.189297,0.900524,-0.181425,
,41.203335,0.839776,-0.186473,
,41.216263,-0.014765,-0.190789,
,41.229397,0.815066,-0.194438,
,41.243206,0.907375,-0.197045,
,41.256252,0.905481,-0.198795,
,41.268913,0.937376,-0.199844,
,41.283237,0.884393,-0.199937,
,41.296413,0.639818,-0.199178,
,41.309765,0.929632,-0.197434,
,41.323944,1.418431,-0.194847,
,41.337574,0.225106,-0.191144,
,41.351982,0.512741,-0.187133,
,41.364464,0.287791,-0.182215,
,41.377354,0.5412,-0.176385,
,41.390507,0.815476,-0.169619,
,41.403881,0.871976,-0.162298,
,41.416786,0.039153,-0.153097,
,41.431362,0.240791,-0.143714,
,41.444847,1.806213,-0.133709,
,41.458065,0.026096,-0.12328,
,41.470848,1.115345,-0.110746,
,41.485153,1.334047,-0.09826,
,41.49847,0.194581,-0.085436,
,41.511364,0.884289,-0.07143,
,41.524685,0.872531,-0.056384,
,41.538258,0.503081,-0.040952,
,41.55151,0.571037,-0.022947,
,41.566238,0.502153,-0.005561,
,41.57983,0.099415,0.011867,
,41.592911,0.872753,0.030081,
,41.606075,1.934144,0.048565,
,41.618973,1.118536,0.069409,
,41.633026,1.54299,0.090424,
,41.646732,1.519342,0.111081,
,41.659794,0.899529,0.132574,
,41.673008,0.9295,0.157656,
,41.687996,0.899998,0.181248,
,41.70171,-0.05437,0.205737,
,41.715591,0.19673,0.2296,
,41.728813,1.685421,0.256044,
,41.743141,0.882296,0.280489,
,41.756115,1.283523,0.307168,
,41.770008,0.364514,0.332727,
,41.783081,1.130639,0.359123,
,41.796356,1.724299,0.386682,
,41.810001,1.011644,0.41507,
,41.823841,1.3911,0.44224,
,41.836906,0.983725,0.472132,
,41.851097,1.86258,0.500245,
,41.864281,1.784167,0.528706,
,41.877483,1.323192,0.559553,
,41.891651,1.101351,0.588328,
,41.904743,0.900021,0.61749,
,41.917904,1.806701,0.649332,
,41.932163,1.86988,0.67903,
,41.945374,0.537471,0.707861,
,41.95813,0.242505,0.738346,
,41.97155,1.150639,0.768759,
,41.984882,0.881538,0.800887,
,41.99892,1.449916,0.832412,
,42.012657,0.936173,0.862059,
,42.025555,0.919754,0.892958,
,42.038982,0.520944,0.923533,
,42.052269,0.906537,0.953668,
,42.065369,1.503027,0.982096,
,42.077744,0.196301,1.013544,
,42.091465,0.635127,1.043398,
,42.104527,0.83484,1.072277,
,42.117207,1.978155,1.105784,
,42.131985,1.795944,1.140536,
,42.147404,1.64632,1.172269,
,42.161583,0.831548,1.204878,
,42.176266,0.907103,1.233896,
,42.189442,1.314863,1.265317,
,42.203842,0.60541,1.294429,
,42.217323,1.839668,1.322395,
,42.230408,1.152565,1.352286,
,42.244564,0.950532,1.378205,
,42.256992,1.472745,1.405296,
,42.270153,0.795902,1.431456,
,42.283039,0.189572,1.461164,
,42.297913,1.268256,1.487677,
,42.31142,0.856993,1.513313,
,42.324718,0.944628,1.537724,
,42.337612,1.5652,1.562829,
,42.351135,0.210991,1.587012,
,42.364445,1.675693,1.61266,
,42.378891,1.685478,1.63568,
,42.392181,1.008101,1.657507,
,42.405094,1.761203,1.680423,
,42.419022,0.788868,1.703489,
,42.433464,1.46425,1.724105,
,42.446781,0.330835,1.744426,
,42.460327,1.441028,1.764131,
,42.473923,1.691788,1.782006,
,42.486691,0.670313,1.804142,
,42.50317,0.898963,1.821349,
,42.516571,0.043247,1.839396,
,42.531273,0.891431,1.85534,
,42.54491,1.83973,1.871093,
,42.55909,0.658915,1.887709,
,42.574955,1.961271,1.90042,
,42.58786,0.92619,1.912681,
,42.601074,0.752789,1.925365,
,42.615719,0.899616,1.935758,
,42.628643,0.353686,1.946876,
,42.64365,1.549061,1.956369,
,42.65773,1.471583,1.964918,
,42.671761,0.922564,1.972004,
,42.684734,0.82095,1.978914,
,42.699062,1.203657,1.985194,
,42.714287,0.897689,1.990237,
,42.729069,1.307148,1.993742,
,42.741787,0.023701,1.996514,
,42.75473,0.807187,1.998733,
,42.769855,0.895282,1.999775,
,42.783131,0.683495,1.999971,
,42.796284,1.088159,1.999216,
,42.810837,1.463865,1.997378,
,42.825798,0.10844,1.994915,
,42.838768,0.900598,1.991208,
,42.85326,0.900456,1.986436,
,42.867928,1.765724,1.980782,
,42.882263,1.305801,1.974757,
,42.895382,0.98236,1.967616,
,42.909054,0.884425,1.958879,
,42.923889,0.890767,1.950228,
,42.937115,1.33152,1.940943,
,42.950115,0.899976,1.930683,
,42.963371,1.01319,1.919957,
,42.976246,0.339543,1.90591,
,42.991913,1.005673,1.893576,
,43.004765,1.048516,1.879841,
,43.018272,1.239398,1.865649,
,43.031487,0.971158,1.850859,
,43.044575,1.042605,1.834831,
,43.058098,0.690848,1.819241,
,43.070686,1.005403,1.802666,
,43.083538,1.148113,1.781871,
,43.098991,0.893612,1.762911,
,43.112518,1.819915,1.74288,
,43.126305,1.977424,1.723607,
,43.139133,1.390068,1.699172,
,43.154861,0.227995,1.678346,
,43.167843,-0.132452,1.654378,
,43.182362,1.085503,1.630699,
,43.196308,0.902626,1.606947,
,43.209946,0.746434,1.579989,
,43.225037,0.862711,1.55302,
,43.239765,1.084072,1.52872,
,43.252758,0.813436,1.502953,
,43.26627,-0.199933,1.477924,
,43.27916,0.439888,1.452017,
,43.292282,1.271722,1.425077,
,43.305706,0.886005,1.395368,
,43.320278,0.088149,1.366108,
,43.334412,0.925063,1.336422,
,43.348557,0.923733,1.306213,
,43.362766,0.873738,1.278506,
,43.375652,0.882491,1.250136,
,43.388718,0.58946,1.215887,
,43.404331,1.865472,1.186422,
,43.417645,0.251764,1.157101,
,43.43079,0.899983,1.122922,
,43.446011,0.884289,1.089917,
,43.460609,1.182656,1.061013,
,43.473331,0.891731,1.031494,
,43.486275,0.01258,1.002238,
,43.499058,0.782703,0.97325,
,43.511692,0.744572,0.938457,
,43.526833,0.870665,0.903954,
,43.541824,0.331511,0.871824,
,43.555786,1.034387,0.840194,
,43.569542,1.066261,0.809213,
,43.583035,0.961107,0.778764,
,43.596329,1.002882,0.748116,
,43.609749,0.900018,0.714945,
,43.624332,0.853679,0.684832,
,43.637638,0.91673,0.643074,
,43.656216,1.955015,0.55944,
,43.693985,1.409756,0.199645,
,43.873417,-0.016358,0.169051,
,43.890923,0.28719,0.140213,
,43.907963,0.848659,0.116329,
,43.922531,0.69862,0.090379,
,43.938885,1.870636,0.068272,
,43.953312,0.761665,0.047844,
,43.967106,0.047921,0.030689,
,43.979076,-0.134665,0.013014,
,43.991833,0.679154,,
