DateTime,RecordingTime,Values,
2026.01.05-16.27.46,0.008334,0.919179,
,0.408334,1.729563,
,0.497599,1.849272,
,0.549971,1.904356,
,0.566943,1.919651,
,0.582075,1.932204,
,0.597817,1.944165,
,0.61254,1.954327,
,0.626322,1.962932,
,0.641434,1.971352,
,0.657223,1.979006,
,0.672007,1.985104,
,0.686594,1.990104,
,0.700894,1.994021,
,0.715438,1.996999,
,0.728604,1.998819,
,0.741781,1.999806,
,0.755088,1.999955,
,0.769375,1.999165,
,0.784001,1.997339,
,0.799324,1.994324,
,0.81541,1.989949,
,0.830146,1.984857,
,0.843907,1.979171,
,0.857164,1.972847,
,0.872638,1.964423,
,0.887079,1.955553,
,0.901159,1.945979,
,0.929447,1.924006,
,0.943778,1.911501,
,0.957572,1.898606,
,0.97169,1.884546,
,0.986114,1.869295,
,0.999657,1.854171,
,1.013748,1.837623,
,1.028486,1.819442,
,1.041975,1.802035,
,1.055746,1.783525,
,1.069856,1.763797,
,1.083144,1.74453,
,1.097054,1.723663,
,1.112034,1.700411,
,1.125422,1.678962,
,1.139003,1.656582,
,1.15185,1.634848,
,1.165137,1.611811,
,1.178128,1.588756,
,1.191217,1.565011,
,1.204826,1.539796,
,1.217833,1.51521,
,1.231178,1.489514,
,1.244871,1.462667,
,1.277113,1.397673,
,1.291057,1.368846,
,1.305475,1.338618,
,1.319376,1.309096,
,1.335147,1.275186,
,1.348418,1.246332,
,1.362245,1.215987,
,1.37535,1.186982,
,1.390061,1.154167,
,1.404922,1.120771,
,1.417834,1.091581,
,1.431747,1.059972,
,1.445901,1.027679,
,1.459669,0.996156,
,1.472932,0.965714,
,1.487099,0.933142,
,1.500618,0.902033,
,1.514627,0.869796,
,1.5279,0.839274,
,1.540685,0.80992,
,1.554455,0.778376,
,1.578264,0.724087,
,1.591261,0.694628,
,1.605982,0.661446,
,1.619453,0.631279,
,1.633998,0.598947,
,1.64795,0.568195,
,1.660882,0.539942,
,1.67443,0.510627,
,1.689101,0.479236,
,1.702929,0.450011,
,1.715954,0.422826,
,1.729234,0.395476,
,1.742925,0.367687,
,1.756205,0.341147,
,1.769753,0.31452,
,1.782812,0.289296,
,1.795546,0.265139,
,1.807974,0.241997,
,1.822033,0.216357,
,1.836339,0.190871,
,1.850106,0.166947,
,1.86394,0.143519,
,1.877871,0.120566,
,1.890646,0.1001,
,1.90344,0.080176,
,1.915998,0.061191,
,1.930177,0.040451,
,1.942454,0.023106,
,1.955754,0.004967,
,1.968468,-0.011726,
,1.981703,-0.028417,
,1.994471,-0.043844,
,2.007683,-0.059098,
,2.020826,-0.073545,
,2.035773,-0.089081,
,2.049514,-0.10251,
,2.062678,-0.114598,
,2.077298,-0.127121,
,2.090271,-0.137428,
,2.103702,-0.147294,
,2.117454,-0.156539,
,2.132051,-0.165395,
,2.146187,-0.173024,
,2.161123,-0.180065,
,2.174291,-0.185398,
,2.186892,-0.18973,
,2.20037,-0.193525,
,2.213073,-0.196306,
,2.225698,-0.198303,
,2.2394,-0.199602,
,2.252803,-0.199999,
,2.267766,-0.199421,
,2.283784,-0.197607,
,2.297668,-0.195038,
,2.312427,-0.191293,
,2.327822,-0.186279,
,2.341152,-0.181026,
,2.353862,-0.175235,
,2.366973,-0.168464,
,2.382361,-0.159492,
,2.396065,-0.150578,
,2.40926,-0.141178,
,2.425872,-0.128216,
,2.439498,-0.116656,
,2.453962,-0.103482,
,2.468678,-0.089135,
,2.483533,-0.073702,
,2.497298,-0.05856,
,2.512616,-0.040777,
,2.528884,-0.020833,
,2.545363,0.000456,
,2.561942,0.022954,
,2.577411,0.044899,
,2.593183,0.068194,
,2.606605,0.088732,
,2.620647,0.110906,
,2.635312,0.134788,
,2.652108,0.163025,
,2.667043,0.188899,
,2.680621,0.213025,
,2.694496,0.238252,
,2.708425,0.264137,
,2.722153,0.290178,
,2.736152,0.317251,
,2.750548,0.345611,
,2.764332,0.373238,
,2.78015,0.405481,
,2.793379,0.432864,
,2.808298,0.464174,
,2.822942,0.495319,
,2.836842,0.525232,
,2.85145,0.557013,
,2.867358,0.591983,
,2.880055,0.620143,
,2.893338,0.649812,
,2.909067,0.685194,
,2.922553,0.715716,
,2.935359,0.744836,
,2.950389,0.779151,
,2.964732,0.812013,
,2.982415,0.85263,
,2.9967,0.885493,
,3.011274,0.919035,
,3.02452,0.949506,
,3.038069,0.980633,
,3.052583,1.013905,
,3.066518,1.045752,
,3.081043,1.078814,
,3.096383,1.113552,
,3.110565,1.145473,
,3.126302,1.18064,
,3.13978,1.210517,
,3.152548,1.238594,
,3.165966,1.267839,
,3.180887,1.30002,
,3.195817,1.331828,
,3.208879,1.359312,
,3.221709,1.385975,
,3.23457,1.41235,
,3.248257,1.440011,
,3.261412,1.466181,
,3.276473,1.495613,
,3.288798,1.519262,
,3.301194,1.54263,
,3.318721,1.57493,
,3.334615,1.603437,
,3.348537,1.627768,
,3.363824,1.653774,
,3.3785,1.678015,
,3.393893,1.702651,
,3.409482,1.726753,
,3.422544,1.746273,
,3.435856,1.765514,
,3.452346,1.788418,
,3.465721,1.806219,
,3.480458,1.825011,
,3.49494,1.842621,
,3.508118,1.857894,
,3.524253,1.875601,
,3.537495,1.889303,
,3.551614,1.903076,
,3.566517,1.916664,
,3.58097,1.928898,
,3.593757,1.938938,
,3.606158,1.947964,
,3.619761,1.957053,
,3.634115,1.965716,
,3.649113,1.973741,
,3.663133,1.980286,
,3.678349,1.986338,
,3.690827,1.990479,
,3.703657,1.993963,
,3.718448,1.997,
,3.731269,1.998783,
,3.744183,1.999779,
,3.75741,1.999968,
,3.769762,1.999383,
,3.785219,1.997617,
,3.798947,1.995086,
,3.812982,1.991564,
,3.82793,1.986779,
,3.842819,1.980955,
,3.855854,1.974996,
,3.868826,1.968271,
,3.881965,1.960658,
,3.895002,1.952311,
,3.907729,1.943408,
,3.920325,1.933869,
,3.934929,1.921909,
,3.947825,1.910555,
,3.961169,1.898032,
,3.973747,1.885515,
,3.986465,1.872165,
,3.999459,1.857815,
,4.015436,1.839201,
,4.029945,1.821388,
,4.045119,1.801849,
,4.060152,1.781597,
,4.072667,1.764071,
,4.08552,1.745454,
,4.098567,1.725931,
,4.114997,1.700473,
,4.127792,1.67999,
,4.141278,1.657797,
,4.154261,1.63586,
,4.16737,1.613161,
,4.181598,1.587917,
,4.198582,1.556987,
,4.212199,1.531587,
,4.227992,1.50149,
,4.243488,1.471318,
,4.256341,1.445836,
,4.269018,1.420316,
,4.282262,1.393263,
,4.295237,1.366394,
,4.308479,1.338617,
,4.325057,1.303369,
,4.339744,1.271736,
,4.353765,1.241209,
,4.368392,1.20905,
,4.382114,1.178617,
,4.395339,1.149068,
,4.409215,1.11786,
,4.42191,1.08915,
,4.434262,1.061084,
,4.450146,1.024839,
,4.463309,0.994695,
,4.476017,0.965526,
,4.490005,0.933366,
,4.50258,0.90443,
,4.517412,0.870297,
,4.530264,0.840742,
,4.543029,0.811431,
,4.555754,0.782274,
,4.569455,0.750973,
,4.582,0.722421,
,4.597445,0.68744,
,4.612353,0.653884,
,4.627187,0.620733,
,4.643026,0.585633,
,4.655781,0.557617,
,4.669727,0.527263,
,4.68264,0.499443,
,4.697577,0.467625,
,4.712359,0.436554,
,4.725198,0.409925,
,4.738496,0.382718,
,4.751805,0.35589,
,4.765558,0.328609,
,4.781033,0.29848,
,4.795835,0.27025,
,4.810434,0.243,
,4.823186,0.219697,
,4.839059,0.19137,
,4.854102,0.165245,
,4.867165,0.143148,
,4.88143,0.119665,
,4.89642,0.095735,
,4.909375,0.075692,
,4.92316,0.05503,
,4.935408,0.037261,
,4.948968,0.018249,
,4.964363,-0.002472,
,4.977285,-0.019145,
,4.990001,-0.034895,
,5.003367,-0.050737,
,5.016316,-0.065376,
,5.031259,-0.081388,
,5.045844,-0.096092,
,5.058963,-0.108525,
,5.072281,-0.12037,
,5.085331,-0.131208,
,5.100289,-0.142684,
,5.115355,-0.153211,
,5.129758,-0.162296,
,5.142594,-0.169581,
,5.158317,-0.177452,
,5.171597,-0.183192,
,5.186489,-0.188634,
,5.199907,-0.192632,
,5.21444,-0.195992,
,5.228438,-0.198269,
,5.243965,-0.199693,
,5.256627,-0.199996,
,5.26951,-0.199511,
,5.284143,-0.197991,
,5.298069,-0.19559,
,5.31325,-0.191912,
,5.328218,-0.187207,
,5.342959,-0.181531,
,5.356072,-0.175618,
,5.370941,-0.167934,
,5.385759,-0.159247,
,5.400008,-0.149934,
,5.414726,-0.139335,
,5.429327,-0.127846,
,5.445439,-0.114056,
,5.460425,-0.100194,
,5.475833,-0.084917,
,5.490833,-0.069061,
,5.503623,-0.054787,
,5.517359,-0.038696,
,5.531881,-0.020841,
,5.546488,-0.002024,
,5.560992,0.017493,
,5.573431,0.034879,
,5.58591,0.052912,
,5.599929,0.073856,
,5.614302,0.096068,
,5.628337,0.118459,
,5.64327,0.143022,
,5.657329,0.166822,
,5.669931,0.188698,
,5.682514,0.211032,
,5.697202,0.237706,
,5.712285,0.265746,
,5.72495,0.289782,
,5.737342,0.313716,
,5.750597,0.33975,
,5.764471,0.367462,
,5.777692,0.394286,
,5.791396,0.4225,
,5.806438,0.453921,
,5.820244,0.483147,
,5.833648,0.511855,
,5.847289,0.541385,
,5.860322,0.56987,
,5.875702,0.603803,
,5.888913,0.633194,
,5.90204,0.6626,
,5.917182,0.696744,
,5.931267,0.728686,
,5.944656,0.759189,
,5.95924,0.792539,
,5.972277,0.822436,
,5.985474,0.852759,
,5.998615,0.882991,
,6.014003,0.918405,
,6.026559,0.947288,
,6.0408,0.980008,
,6.05412,1.010548,
,6.066903,1.039778,
,6.081089,1.072095,
,6.094662,1.102875,
,6.109382,1.136072,
,6.124258,1.169393,
,6.136994,1.197713,
,6.152962,1.232919,
,6.167136,1.263861,
,6.181449,1.29478,
,6.194064,1.321738,
,6.207034,1.349149,
,6.221945,1.380253,
,6.234781,1.406655,
,6.249191,1.435858,
,6.263572,1.464516,
,6.278439,1.493605,
,6.291094,1.517916,
,6.30379,1.541869,
,6.320165,1.572092,
,6.333579,1.596264,
,6.34725,1.620337,
,6.361183,1.644261,
,6.374072,1.665831,
,6.386826,1.686627,
,6.40058,1.708426,
,6.413444,1.728208,
,6.426576,1.747784,
,6.442104,1.770105,
,6.457113,1.790805,
,6.47109,1.809296,
,6.484525,1.826334,
,6.499768,1.844779,
,6.513665,1.860758,
,6.525906,1.874161,
,6.541443,1.890252,
,6.555729,1.904124,
,6.570404,1.917439,
,6.583775,1.928736,
,6.598145,1.93998,
,6.612648,1.950375,
,6.624853,1.958374,
,6.639312,1.966956,
,6.651995,1.97368,
,6.666518,1.980452,
,6.680678,1.986094,
,6.69365,1.990425,
,6.708997,1.994512,
,6.723031,1.997262,
,6.736398,1.999002,
,6.749262,1.999865,
,6.762009,1.999934,
,6.776323,1.999078,
,6.790922,1.997191,
,6.80368,1.994703,
,6.816446,1.991433,
,6.829942,1.987129,
,6.84299,1.982144,
,6.856545,1.976111,
,6.870777,1.968846,
,6.885136,1.960555,
,6.900574,1.950574,
,6.914181,1.940868,
,6.928498,1.929744,
,6.943882,1.916763,
,6.956418,1.905404,
,6.969074,1.893236,
,6.98182,1.880276,
,6.997277,1.863627,
,7.010691,1.848361,
,7.023128,1.833538,
,7.035979,1.817559,
,7.049519,1.800005,
,7.06403,1.780392,
,7.077766,1.761077,
,7.090627,1.742348,
,7.103042,1.72369,
,7.117267,1.701629,
,7.130543,1.680399,
,7.143481,1.659131,
,7.156209,1.637664,
,7.169147,1.615307,
,7.184644,1.587839,
,7.198968,1.561807,
,7.214101,1.533661,
,7.22789,1.50746,
,7.241159,1.481769,
,7.25373,1.457015,
,7.26619,1.432101,
,7.280714,1.402603,
,7.294646,1.373872,
,7.308381,1.345153,
,7.321793,1.316754,
,7.335113,1.288225,
,7.348388,1.25949,
,7.361913,1.229932,
,7.37559,1.199771,
,7.388076,1.172023,
,7.401457,1.142081,
,7.41454,1.112621,
,7.427274,1.083793,
,7.441586,1.051239,
,7.455011,1.02058,
,7.467826,0.991222,
,7.48162,0.959552,
,7.495244,0.928223,
,7.508758,0.897122,
,7.522417,0.865691,
,7.535899,0.834696,
,7.549659,0.803113,
,7.563671,0.771036,
,7.577198,0.740172,
,7.590036,0.711001,
,7.603899,0.679652,
,7.617446,0.649198,
,7.630458,0.620136,
,7.644992,0.587921,
,7.658524,0.558186,
,7.672994,0.526692,
,7.686604,0.497384,
,7.700553,0.467682,
,7.71386,0.439692,
,7.727438,0.411499,
,7.740037,0.38569,
,7.75282,0.359871,
,7.766438,0.33279,
,7.779373,0.307494,
,7.791878,0.283451,
,7.804788,0.259073,
,7.817793,0.234986,
,7.830643,0.211671,
,7.844279,0.187475,
,7.858032,0.163658,
,7.871644,0.140685,
,7.885875,0.117329,
,7.900454,0.094119,
,7.914001,0.073224,
,7.926529,0.054491,
,7.939408,0.03584,
,7.952494,0.017531,
,7.966136,-0.000851,
,7.979734,-0.018444,
,7.993287,-0.035239,
,8.0069,-0.051351,
,8.019549,-0.06563,
,8.032415,-0.079461,
,8.046285,-0.093575,
,8.059734,-0.106463,
,8.07343,-0.118768,
,8.08697,-0.13011,
,8.100451,-0.140583,
,8.114365,-0.150522,
,8.128106,-0.159465,
,8.141694,-0.167448,
,8.154817,-0.174337,
,8.167829,-0.180369,
,8.181819,-0.185962,
,8.194793,-0.190316,
,8.207139,-0.193714,
,8.220534,-0.196575,
,8.233699,-0.198548,
,8.248108,-0.199752,
,8.262037,-0.199966,
,8.274665,-0.199352,
,8.288013,-0.197869,
,8.301535,-0.195494,
,8.315683,-0.19207,
,8.32948,-0.187809,
,8.344221,-0.182256,
,8.359012,-0.175649,
,8.372988,-0.168459,
,8.385895,-0.161008,
,8.398667,-0.152872,
,8.41292,-0.142907,
,8.426612,-0.13246,
,8.440731,-0.1208,
,8.454383,-0.108679,
,8.468196,-0.095576,
,8.481589,-0.082079,
,8.494264,-0.068595,
,8.508261,-0.052913,
,8.522254,-0.036419,
,8.536373,-0.018962,
,8.549619,-0.001856,
,8.563625,0.016985,
,8.576933,0.03559,
,8.591271,0.056384,
,8.604074,0.075593,
,8.617238,0.095963,
,8.630342,0.116843,
,8.64502,0.140933,
,8.658423,0.163553,
,8.672818,0.188494,
,8.68664,0.213049,
,8.701082,0.239319,
,8.71534,0.265845,
,8.729695,0.293124,
,8.744231,0.321303,
,8.758211,0.34891,
,8.772632,0.37788,
,8.787206,0.40764,
,8.801838,0.43798,
,8.816743,0.469332,
,8.831909,0.501664,
,8.847289,0.534859,
,8.861753,0.566422,
,8.875719,0.597191,
,8.89149,0.632243,
,8.906877,0.666724,
,8.921494,0.699705,
,8.937003,0.734903,
,8.951726,0.768477,
,8.966536,0.802374,
,8.981233,0.836107,
,8.995149,0.868105,
,9.009285,0.900635,
,9.023405,0.933128,
,9.037365,0.965224,
,9.051281,0.997163,
,9.065103,1.028805,
,9.078743,1.059926,
,9.091581,1.0891,
,9.104685,1.118733,
,9.118539,1.149886,
,9.132719,1.181553,
,9.145645,1.210206,
,9.159646,1.240984,
,9.173391,1.270916,
,9.187445,1.301201,
,9.201615,1.331388,
,9.215193,1.359956,
,9.228684,1.387976,
,9.242666,1.416601,
,9.256244,1.443978,
,9.269703,1.470683,
,9.283429,1.497452,
,9.297275,1.523952,
,9.310675,1.549104,
,9.323563,1.572812,
,9.337258,1.59747,
,9.351053,1.621727,
,9.36399,1.643928,
,9.377379,1.666334,
,9.391783,1.689764,
,9.405883,1.712006,
,9.419693,1.733106,
,9.434307,1.754676,
,9.448928,1.775457,
,9.462907,1.794559,
,9.476397,1.812268,
,9.489288,1.828513,
,9.50321,1.845297,
,9.516929,1.86105,
,9.530016,1.875342,
,9.543493,1.889296,
,9.556229,1.901758,
,9.569216,1.913733,
,9.582198,1.924957,
,9.595788,1.935896,
,9.608953,1.945695,
,9.621942,1.954584,
,9.636186,1.963437,
,9.650785,1.971531,
,9.664176,1.978075,
,9.678802,1.984257,
,9.692595,1.989156,
,9.70695,1.993292,
,9.720194,1.996233,
,9.733356,1.998322,
,9.747519,1.999639,
,9.761833,1.99999,
,9.776053,1.999361,
,9.790361,1.997746,
,9.803453,1.995406,
,9.817122,1.992087,
,9.831121,1.987761,
,9.845635,1.982291,
,9.85965,1.976063,
,9.873677,1.968902,
,9.887766,1.960783,
,9.90176,1.951806,
,9.915571,1.942062,
,9.930394,1.930637,
,9.944485,1.918857,
,9.95788,1.906837,
,9.971457,1.893848,
,9.984884,1.880213,
,9.998151,1.865981,
,10.012518,1.849729,
,10.025956,1.833751,
,10.039903,1.816388,
,10.05324,1.799055,
,10.067025,1.780402,
,10.080679,1.761206,
,10.094245,1.741437,
,10.107127,1.722037,
,10.121238,1.700102,
,10.134174,1.67938,
,10.147378,1.65764,
,10.160352,1.635716,
,10.173667,1.612651,
,10.187655,1.587824,
,10.201444,1.562777,
,10.214461,1.538623,
,10.228225,1.512569,
,10.241451,1.487055,
,10.255145,1.460165,
,10.268862,1.432767,
,10.282598,1.404892,
,10.296501,1.376254,
,10.309308,1.349517,
,10.323629,1.319236,
,10.337417,1.289729,
,10.351051,1.26023,
,10.365878,1.227819,
,10.381396,1.193558,
,10.395373,1.162435,
,10.409811,1.130052,
,10.423309,1.099585,
,10.436773,1.069037,
,10.451264,1.036007,
,10.46505,1.004473,
,10.47912,0.972194,
,10.49332,0.939557,
,10.507081,0.907894,
,10.521205,0.875388,
,10.534401,0.845039,
,10.548507,0.812642,
,10.56312,0.779162,
,10.577473,0.746388,
,10.59201,0.713333,
,10.606535,0.680482,
,10.62059,0.648883,
,10.63544,0.615734,
,10.65006,0.583368,
,10.663591,0.553672,
,10.677588,0.523249,
,10.69191,0.492455,
,10.705871,0.462789,
,10.719375,0.434447,
,10.733181,0.405856,
,10.746361,0.378947,
,10.760159,0.351199,
,10.773355,0.325092,
,10.786818,0.298906,
,10.80082,0.272178,
,10.8144,0.246772,
,10.828706,0.220576,
,10.842584,0.195748,
,10.855979,0.172344,
,10.870141,0.148224,
,10.884236,0.124871,
,10.897435,0.103616,
,10.910158,0.0837,
,10.923027,0.064147,
,10.936044,0.044983,
,10.950068,0.025047,
,10.963173,0.007099,
,10.976605,-0.010602,
,10.991234,-0.02906,
,11.005259,-0.04594,
,11.018826,-0.061494,
,11.032793,-0.076697,
,11.047119,-0.091423,
,11.060919,-0.104767,
,11.073741,-0.116415,
,11.087819,-0.128361,
,11.101566,-0.139166,
,11.114878,-0.148809,
,11.128693,-0.157956,
,11.142529,-0.166232,
,11.156549,-0.173705,
,11.169735,-0.179892,
,11.183418,-0.185443,
,11.196617,-0.189954,
,11.210767,-0.193867,
,11.224534,-0.196754,
,11.238044,-0.198702,
,11.253407,-0.199852,
,11.266711,-0.199929,
,11.280751,-0.199086,
,11.294747,-0.197301,
,11.309063,-0.194503,
,11.323601,-0.190656,
,11.338171,-0.185789,
,11.352281,-0.180113,
,11.366918,-0.173231,
,11.381243,-0.165521,
,11.395609,-0.156827,
,11.410853,-0.146558,
,11.424675,-0.136327,
,11.438936,-0.124863,
,11.453691,-0.11204,
,11.468223,-0.09847,
,11.482673,-0.084061,
,11.496217,-0.069738,
,11.509543,-0.054884,
,11.523829,-0.038139,
,11.538671,-0.019852,
,11.553066,-0.001271,
,11.567573,0.018284,
,11.582048,0.038604,
,11.595257,0.057837,
,11.609947,0.079982,
,11.623588,0.101239,
,11.63714,0.123002,
,11.650764,0.145509,
,11.665336,0.170262,
,11.679016,0.194117,
,11.695695,0.223982,
,11.710545,0.251265,
,11.723745,0.276044,
,11.73712,0.301636,
,11.751431,0.329539,
,11.764606,0.355681,
,11.778269,0.383223,
,11.791453,0.410205,
,11.804938,0.438184,
,11.818568,0.46684,
,11.832374,0.496223,
,11.847327,0.528429,
,11.861454,0.559189,
,11.875898,0.590949,
,11.890706,0.623799,
,11.905399,0.656657,
,11.920152,0.68988,
,11.934104,0.721486,
,11.94927,0.756013,
,11.963718,0.78904,
,11.978439,0.822795,
,11.992445,0.854978,
,12.006132,0.886467,
,12.020831,0.920297,
,12.035236,0.95343,
,12.050075,0.987509,
,12.065387,1.022588,
,12.080798,1.057766,
,12.095966,1.092231,
,12.112002,1.128456,
,12.125562,1.158886,
,12.139065,1.188985,
,12.152558,1.21883,
,12.168074,1.252832,
,12.186491,1.292709,
,12.203522,1.329064,
,12.220675,1.365133,
,12.237455,1.399836,
,12.253904,1.433257,
,12.269468,1.4643,
,12.283615,1.491997,
,12.299763,1.522977,
,12.31352,1.548811,
,12.327609,1.574711,
,12.342492,1.601432,
,12.358986,1.63025,
,12.372202,1.652716,
,12.38784,1.678554,
,12.40212,1.70142,
,12.417304,1.72495,
,12.431976,1.746895,
,12.446623,1.768005,
,12.45996,1.786521,
,12.475009,1.806583,
,12.493945,1.830547,
,12.51504,1.855524,
,12.534096,1.876486,
,12.553348,1.896088,
,12.569935,1.911681,
,12.586688,1.926195,
,12.60256,1.938782,
,12.617751,1.949756,
,12.633225,1.959845,
,12.648118,1.968506,
,12.662729,1.975994,
,12.680858,1.983887,
,12.697674,1.989815,
,12.713318,1.994119,
,12.730332,1.997469,
,12.746715,1.99938,
,12.760912,1.999992,
,12.77487,1.999647,
,12.78813,1.998451,
,12.801773,1.996338,
,12.81562,1.99328,
,12.830149,1.989085,
,12.845018,1.98375,
,12.858173,1.978154,
,12.872444,1.971161,
,12.885356,1.964012,
,12.898569,1.955891,
,12.911559,1.947121,
,12.924558,1.937571,
,12.937677,1.927153,
,12.951188,1.915616,
,12.964398,1.903551,
,12.977374,1.890955,
,12.991044,1.876894,
,13.007007,1.859465,
,13.025087,1.838431,
,13.039788,1.820338,
,13.053362,1.802858,
,13.067455,1.783939,
,13.081778,1.763926,
,13.095971,1.743328,
,13.111082,1.72058,
,13.12445,1.699773,
,13.138198,1.67772,
,13.151559,1.655672,
,13.165288,1.632403,
,13.180688,1.605582,
,13.194823,1.580319,
,13.208444,1.555413,
,13.222558,1.529041,
,13.236055,1.50331,
,13.25038,1.475476,
,13.264067,1.448397,
,13.278076,1.420217,
,13.291955,1.391855,
,13.306321,1.362063,
,13.321447,1.330244,
,13.335876,1.29949,
,13.349746,1.269584,
,13.36369,1.239202,
,13.377086,1.209746,
,13.392509,1.17553,
,13.408617,1.13949,
,13.425717,1.100931,
,13.440991,1.066273,
,13.4548,1.034792,
,13.468776,1.002815,
,13.483139,0.969861,
,13.497728,0.936324,
,13.511661,0.904265,
,13.525641,0.872091,
,13.539916,0.839265,
,13.554011,0.806904,
,13.567877,0.77515,
,13.582689,0.741346,
,13.597315,0.708115,
,13.611387,0.676311,
,13.625269,0.645128,
,13.642521,0.606677,
,13.656178,0.576507,
,13.671252,0.543515,
,13.686845,0.509759,
,13.701517,0.478376,
,13.71624,0.447285,
,13.730956,0.416636,
,13.744704,0.388415,
,13.761051,0.355415,
,13.775332,0.327105,
,13.789161,0.30018,
,13.802481,0.274718,
,13.818148,0.245393,
,13.832779,0.218641,
,13.847485,0.192398,
,13.862464,0.166354,
,13.876304,0.142931,
,13.892251,0.116731,
,13.90801,0.091695,
,13.922706,0.069141,
,13.936709,0.048378,
,13.95041,0.028773,
,13.963973,0.010069,
,13.977639,-0.008052,
,13.99297,-0.027496,
,14.006687,-0.044085,
,14.021017,-0.060584,
,14.034667,-0.075498,
,14.055222,-0.096451,
,14.078539,-0.117987,
,14.09901,-0.134899,
,14.113606,-0.1458,
,14.127435,-0.155229,
,14.141804,-0.164089,
,14.155828,-0.17181,
,14.169542,-0.178468,
,14.184989,-0.184903,
,14.200254,-0.19015,
,14.214625,-0.194073,
,14.231124,-0.197357,
,14.245075,-0.199114,
,14.260318,-0.199963,
,14.273653,-0.199788,
,14.287334,-0.198719,
,14.302597,-0.196464,
,14.318393,-0.192953,
,14.332206,-0.188904,
,14.34656,-0.183734,
,14.361737,-0.177203,
,14.377805,-0.169106,
,14.391284,-0.161381,
,14.405228,-0.152502,
,14.418931,-0.142903,
,14.434632,-0.130851,
,14.449294,-0.118593,
,14.464156,-0.105189,
,14.47858,-0.091249,
,14.493742,-0.075625,
,14.507482,-0.060618,
,14.521175,-0.044871,
,14.534892,-0.028319,
,14.54933,-0.010073,
,14.563362,0.008457,
,14.576416,0.026386,
,14.590091,0.045866,
,14.603844,0.066162,
,14.618091,0.087915,
,14.632507,0.110662,
,14.646668,0.133706,
,14.660908,0.157553,
,14.67618,0.183864,
,14.692339,0.212497,
,14.706032,0.237376,
,14.719336,0.262071,
,14.73654,0.294733,
,14.750641,0.322093,
,14.764193,0.34886,
,14.778428,0.377455,
,14.794222,0.409721,
,14.808179,0.438681,
,14.823915,0.471805,
,14.837439,0.500641,
,14.851538,0.531045,
,14.86732,0.56546,
,14.880744,0.595021,
,14.894747,0.626111,
,14.908188,0.656175,
,14.922073,0.687437,
,14.935636,0.718145,
,14.949355,0.749356,
,14.963273,0.781147,
,14.977725,0.814263,
,14.991318,0.845483,
,15.004733,0.876338,
,15.018295,0.907549,
,15.034113,0.943942,
,15.049235,0.978693,
,15.062499,1.009106,
,15.077353,1.043067,
,15.090718,1.073505,
,15.104467,1.104678,
,15.117825,1.134799,
,15.131293,1.164985,
,15.146839,1.199564,
,15.160567,1.229839,
,15.177331,1.266435,
,15.19046,1.294785,
,15.203378,1.322387,
,15.216917,1.350986,
,15.233336,1.385181,
,15.246353,1.411885,
,15.259078,1.437621,
,15.272104,1.463575,
,15.285509,1.489845,
,15.299653,1.517059,
,15.312729,1.541739,
,15.326847,1.567846,
,15.341702,1.594687,
,15.35683,1.621327,
,15.370953,1.645549,
,15.385757,1.670241,
,15.398644,1.691134,
,15.41195,1.712101,
,15.426178,1.733825,
,15.442242,1.757463,
,15.455461,1.77619,
,15.470169,1.796238,
,15.483254,1.813362,
,15.496781,1.830343,
,15.511638,1.848134,
,15.524311,1.862587,
,15.537867,1.877298,
,15.550807,1.890608,
,15.565376,1.904723,
,15.580767,1.918619,
,15.594369,1.930022,
,15.607019,1.939879,
,15.620429,1.949532,
,15.634707,1.958902,
,15.648123,1.966845,
,15.661248,1.973802,
,15.674106,1.979833,
,15.687146,1.985151,
,15.70171,1.990135,
,15.714529,1.993685,
,15.729298,1.996799,
,15.741896,1.998628,
,15.755203,1.999731,
,15.768279,1.999985,
,15.781356,1.999415,
,15.79668,1.9977,
,15.810332,1.995221,
,15.823158,1.992079,
,15.836258,1.988057,
,15.851184,1.982479,
,15.866554,1.975632,
,15.879587,1.968954,
,15.892552,1.961522,
,15.907656,1.951881,
,15.920465,1.94288,
,15.933517,1.932938,
,15.948042,1.920969,
,15.961019,1.909477,
,15.973848,1.897385,
,15.987132,1.884107,
,16.001255,1.869157,
,16.014938,1.853867,
,16.027893,1.838667,
,16.041046,1.822532,
,16.05477,1.80495,
,16.067316,1.788225,
,16.080372,1.770169,
,16.094261,1.75025,
,16.107056,1.731264,
,16.120039,1.711391,
,16.133135,1.690737,
,16.146095,1.669713,
,16.159067,1.648104,
,16.174763,1.621223,
,16.18746,1.598907,
,16.200722,1.57507,
,16.215429,1.548028,
,16.230127,1.520393,
,16.244019,1.493732,
,16.257322,1.467731,
,16.271549,1.439437,
,16.285624,1.410977,
,16.299562,1.382355,
,16.313786,1.352726,
,16.327335,1.324124,
,16.341143,1.294631,
,16.355255,1.264146,
,16.368889,1.234394,
,16.383078,1.20314,
,16.397211,1.171741,
,16.411495,1.139771,
,16.428001,1.102558,
,16.444826,1.064381,
,16.460915,1.027679,
,16.474146,0.99739,
,16.487755,0.966156,
,16.500471,0.936922,
,16.513832,0.906177,
,16.528704,0.871953,
,16.543743,0.837369,
,16.556372,0.808378,
,16.570076,0.776989,
,16.58378,0.7457,
,16.597492,0.714524,
,16.611214,0.683477,
,16.624735,0.653053,
,16.638948,0.621291,
,16.652929,0.590288,
,16.666681,0.560048,
,16.68062,0.529688,
,16.695368,0.49791,
,16.710087,0.466571,
,16.726837,0.431411,
,16.739965,0.404256,
,16.752911,0.377843,
,16.766094,0.351342,
,16.779093,0.325617,
,16.792051,0.300397,
,16.804886,0.275852,
,16.819363,0.248707,
,16.832846,0.223962,
,16.846424,0.199585,
,16.859411,0.176799,
,16.872593,0.154216,
,16.887619,0.129168,
,16.901033,0.107447,
,16.914577,0.086154,
,16.928097,0.065549,
,16.941345,0.046005,
,16.955067,0.026454,
,16.968414,0.008126,
,16.981724,-0.009455,
,16.994928,-0.026202,
,17.007923,-0.041991,
,17.021479,-0.057721,
,17.035023,-0.072668,
,17.049904,-0.088188,
,17.063169,-0.101218,
,17.078247,-0.115091,
,17.091595,-0.126527,
,17.105747,-0.137781,
,17.11908,-0.147549,
,17.133757,-0.15736,
,17.146959,-0.165334,
,17.161386,-0.173117,
,17.174618,-0.179397,
,17.18819,-0.184978,
,17.201218,-0.189513,
,17.215534,-0.193563,
,17.228197,-0.196327,
,17.241756,-0.198434,
,17.256191,-0.199705,
,17.269497,-0.199988,
,17.282528,-0.199439,
,17.29562,-0.198065,
,17.30855,-0.195899,
,17.321512,-0.192923,
,17.33497,-0.188982,
,17.348679,-0.18408,
,17.362194,-0.178375,
,17.375185,-0.172078,
,17.389177,-0.164409,
,17.402058,-0.156544,
,17.415802,-0.147305,
,17.428947,-0.137658,
,17.443506,-0.126058,
,17.456558,-0.114851,
,17.469915,-0.102595,
,17.482584,-0.090249,
,17.495934,-0.076486,
,17.512196,-0.058694,
,17.525248,-0.043609,
,17.540812,-0.024701,
,17.554895,-0.006747,
,17.56909,0.012145,
,17.583569,0.032221,
,17.598141,0.053233,
,17.611294,0.072875,
,17.624458,0.093158,
,17.637182,0.113347,
,17.651516,0.136757,
,17.664743,0.15897,
,17.679514,0.184443,
,17.692621,0.207619,
,17.706278,0.232322,
,17.719162,0.256127,
,17.731621,0.279592,
,17.746675,0.308508,
,17.760122,0.334832,
,17.775038,0.364552,
,17.78809,0.39099,
,17.802164,0.419924,
,17.815886,0.44853,
,17.829323,0.476906,
,17.84341,0.507015,
,17.857277,0.536984,
,17.872046,0.569237,
,17.885656,0.599243,
,17.900766,0.632843,
,17.91432,0.663202,
,17.927977,0.693992,
,17.941473,0.72458,
,17.956524,0.758858,
,17.969961,0.789581,
,17.984474,0.822862,
,17.997812,0.853509,
,18.011112,0.884108,
,18.023998,0.913765,
,18.037256,0.944263,
,18.0513,0.976539,
,18.065445,1.008974,
,18.078758,1.03942,
,18.092731,1.071258,
,18.105843,1.100993,
,18.118757,1.130141,
,18.131718,1.15922,
,18.145004,1.188834,
,18.161144,1.224507,
,18.174711,1.254206,
,18.187061,1.280998,
,18.201748,1.312523,
,18.215822,1.342366,
,18.228832,1.369614,
,18.242464,1.39779,
,18.256155,1.425683,
,18.268938,1.451334,
,18.283211,1.479509,
,18.295818,1.503968,
,18.310266,1.531481,
,18.324089,1.557261,
,18.337082,1.580993,
,18.349989,1.604071,
,18.363436,1.627567,
,18.378078,1.652497,
,18.390665,1.673364,
,18.405149,1.696711,
,18.419426,1.71901,
,18.433289,1.739959,
,18.447475,1.760669,
,18.460653,1.779227,
,18.474085,1.797455,
,18.488415,1.816118,
,18.501015,1.831851,
,18.515522,1.849162,
,18.529438,1.864944,
,18.543589,1.880154,
,18.556269,1.893054,
,18.569405,1.90568,
,18.582281,1.917321,
,18.59671,1.929487,
,18.609957,1.939831,
,18.623247,1.949405,
,18.636711,1.958277,
,18.65134,1.966965,
,18.666096,1.974716,
,18.679928,1.981051,
,18.694208,1.986642,
,18.707701,1.991033,
,18.722994,1.994959,
,18.737158,1.997595,
,18.750443,1.999191,
,18.764324,1.999952,
,18.777985,1.999796,
,18.792971,1.99859,
,18.806143,1.996639,
,18.820747,1.993501,
,18.834005,1.989769,
,18.849279,1.98443,
,18.862789,1.978785,
,18.876318,1.972267,
,18.890717,1.964388,
,18.904222,1.956119,
,18.91787,1.946906,
,18.931517,1.93684,
,18.94599,1.925242,
,18.959717,1.913373,
,18.973248,1.900855,
,18.98653,1.887786,
,19.001503,1.872141,
,19.014963,1.857262,
,19.028673,1.841325,
,19.043671,1.823006,
,19.057577,1.805205,
,19.070881,1.787462,
,19.083742,1.769652,
,19.098707,1.74814,
,19.112516,1.72755,
,19.126158,1.706532,
,19.140167,1.684263,
,19.153784,1.661973,
,19.167833,1.638325,
,19.18132,1.615026,
,19.194757,1.591246,
,19.209167,1.565137,
,19.224657,1.536397,
,19.238152,1.510813,
,19.252329,1.483414,
,19.265163,1.458165,
,19.279812,1.428853,
,19.293102,1.401831,
,19.307972,1.371142,
,19.32188,1.342018,
,19.335932,1.31222,
,19.350014,1.281997,
,19.363882,1.251907,
,19.376713,1.223807,
,19.390436,1.193491,
,19.403627,1.164123,
,19.417339,1.133386,
,19.431406,1.101647,
,19.4452,1.070361,
,19.459177,1.03851,
,19.473558,1.005616,
,19.48786,0.972814,
,19.501205,0.942139,
,19.516409,0.907159,
,19.53042,0.874915,
,19.543539,0.844741,
,19.557671,0.812287,
,19.572931,0.777325,
,19.587133,0.744904,
,19.601784,0.7116,
,19.615446,0.680701,
,19.62882,0.650627,
,19.642824,0.619346,
,19.656317,0.589439,
,19.671431,0.556228,
,19.68581,0.524954,
,19.700058,0.494297,
,19.713377,0.465965,
,19.727018,0.437298,
,19.739725,0.410932,
,19.752813,0.384136,
,19.766678,0.356175,
,19.783228,0.323397,
,19.798603,0.293567,
,19.813423,0.265403,
,19.828146,0.238032,
,19.842501,0.211949,
,19.855774,0.188383,
,19.870333,0.163165,
,19.884329,0.139567,
,19.899628,0.114518,
,19.913054,0.093199,
,19.926237,0.072884,
,19.940451,0.051686,
,19.954464,0.031521,
,19.968531,0.012033,
,19.981659,-0.005464,
,19.994513,-0.021932,
,20.009045,-0.039747,
,20.022919,-0.055945,
,20.03669,-0.071228,
,20.050579,-0.085823,
,20.065308,-0.100391,
,20.078514,-0.112648,
,20.092186,-0.12452,
,20.107164,-0.136564,
,20.122046,-0.147523,
,20.135546,-0.156587,
,20.150703,-0.165757,
,20.164646,-0.173248,
,20.178385,-0.179735,
,20.192152,-0.18534,
,20.205421,-0.18989,
,20.219021,-0.193682,
,20.232464,-0.19656,
,20.246042,-0.198587,
,20.259151,-0.199702,
,20.272182,-0.199991,
,20.287987,-0.199244,
,20.300997,-0.197728,
,20.31599,-0.194971,
,20.328678,-0.191796,
,20.341438,-0.187827,
,20.355951,-0.182371,
,20.370173,-0.176057,
,20.383419,-0.169318,
,20.397512,-0.161247,
,20.411537,-0.152299,
,20.424658,-0.143107,
,20.440346,-0.131087,
,20.455692,-0.118251,
,20.473112,-0.102411,
,20.488155,-0.08766,
,20.501968,-0.073255,
,20.515614,-0.058224,
,20.529823,-0.041742,
,20.543272,-0.025377,
,20.55784,-0.006822,
,20.57173,0.011653,
,20.584572,0.0294,
,20.598022,0.048667,
,20.612309,0.069865,
,20.625414,0.089964,
,20.64045,0.113772,
,20.653667,0.135347,
,20.667097,0.157866,
,20.683126,0.185509,
,20.696178,0.208612,
,20.709141,0.232065,
,20.722845,0.2574,
,20.736652,0.283454,
,20.749701,0.30855,
,20.763773,0.336113,
,20.777885,0.36424,
,20.792126,0.393101,
,20.80644,0.42256,
,20.818966,0.448692,
,20.833876,0.480203,
,20.84745,0.509246,
,20.86134,0.539289,
,20.874271,0.567533,
,20.887848,0.597449,
,20.90122,0.627153,
,20.915022,0.658034,
,20.929142,0.689837,
,20.942482,0.720055,
,20.95579,0.750335,
,20.969328,0.781257,
,20.983065,0.812735,
,20.997063,0.844883,
,21.011024,0.876995,
,21.025696,0.910758,
,21.039738,0.943065,
,21.053267,0.974158,
,21.066818,1.005244,
,21.081881,1.039694,
,21.096071,1.072022,
,21.110592,1.104948,
,21.124716,1.136791,
,21.139809,1.170589,
,21.154036,1.202199,
,21.1691,1.235383,
,21.182756,1.265177,
,21.196226,1.294267,
,21.208878,1.32131,
,21.223013,1.351175,
,21.235941,1.378143,
,21.250942,1.408995,
,21.264584,1.436616,
,21.277328,1.46203,
,21.291739,1.490278,
,21.304548,1.514941,
,21.317379,1.539202,
,21.332081,1.566431,
,21.34519,1.590183,
,21.357824,1.612579,
,21.370745,1.634972,
,21.38356,1.656649,
,21.397961,1.680361,
,21.412481,1.703548,
,21.42551,1.723727,
,21.439278,1.74438,
,21.454617,1.766568,
,21.468481,1.785855,
,21.483017,1.805276,
,21.497866,1.82425,
,21.512999,1.842669,
,21.526123,1.857879,
,21.540083,1.873265,
,21.553303,1.887069,
,21.566236,1.899842,
,21.580021,1.912652,
,21.593943,1.924733,
,21.608124,1.936147,
,21.622471,1.946765,
,21.636465,1.956213,
,21.650234,1.964626,
,21.66396,1.972132,
,21.677248,1.978557,
,21.69112,1.984375,
,21.703934,1.988938,
,21.71735,1.992877,
,21.732063,1.996206,
,21.745625,1.998354,
,21.759613,1.999644,
,21.772461,1.999999,
,21.785313,1.999558,
,21.799225,1.998186,
,21.812744,1.995961,
,21.825512,1.993054,
,21.839407,1.989004,
,21.852295,1.984425,
,21.8654,1.97896,
,21.880165,1.971833,
,21.893349,1.964602,
,21.90683,1.956372,
,21.920843,1.946926,
,21.934162,1.937115,
,21.946941,1.926944,
,21.960634,1.91523,
,21.973719,1.903258,
,21.986944,1.890393,
,21.999866,1.877091,
,22.013403,1.86239,
,22.027441,1.846331,
,22.041063,1.829965,
,22.054415,1.813192,
,22.067394,1.796204,
,22.080725,1.778067,
,22.093437,1.760136,
,22.106096,1.741675,
,22.119007,1.722239,
,22.132336,1.701546,
,22.145906,1.679834,
,22.158552,1.659036,
,22.17198,1.636372,
,22.185169,1.613545,
,22.198278,1.590317,
,22.211597,1.566186,
,22.224371,1.542557,
,22.239782,1.51344,
,22.25316,1.487642,
,22.266626,1.461214,
,22.27989,1.434746,
,22.294815,1.404471,
,22.310715,1.371681,
,22.324617,1.342581,
,22.339466,1.311084,
,22.352585,1.282926,
,22.366055,1.253717,
,22.378624,1.226205,
,22.39484,1.190384,
,22.409937,1.15673,
,22.424013,1.12512,
,22.439798,1.089441,
,22.453043,1.059346,
,22.466919,1.027686,
,22.481579,0.99412,
,22.495911,0.961215,
,22.509008,0.931098,
,22.522001,0.9012,
,22.535313,0.870567,
,22.547762,0.841938,
,22.562761,0.807498,
,22.575863,0.777488,
,22.591444,0.741926,
,22.606245,0.708295,
,22.619022,0.679408,
,22.632088,0.650035,
,22.648218,0.614029,
,22.663555,0.5801,
,22.678804,0.546687,
,22.693367,0.515118,
,22.70783,0.484114,
,22.721321,0.455539,
,22.735132,0.42665,
,22.748711,0.398636,
,22.76256,0.370482,
,22.776108,0.343365,
,22.789505,0.316992,
,22.8036,0.289742,
,22.817947,0.262549,
,22.831306,0.237741,
,22.844595,0.213581,
,22.858408,0.18903,
,22.874451,0.161262,
,22.889809,0.135458,
,22.903002,0.11392,
,22.917967,0.090218,
,22.933784,0.066025,
,22.948006,0.045057,
,22.961544,0.025795,
,22.974495,0.008028,
,22.988182,-0.010039,
,23.001202,-0.026533,
,23.015306,-0.043623,
,23.028637,-0.059022,
,23.043591,-0.075408,
,23.056911,-0.0892,
,23.070618,-0.102588,
,23.085247,-0.115969,
,23.100821,-0.129167,
,23.114307,-0.139714,
,23.128941,-0.150223,
,23.14225,-0.158924,
,23.155607,-0.166833,
,23.169622,-0.174233,
,23.183905,-0.180826,
,23.198444,-0.186546,
,23.213642,-0.19145,
,23.227425,-0.194942,
,23.241512,-0.197572,
,23.256161,-0.199295,
,23.269594,-0.199967,
,23.284595,-0.199691,
,23.299089,-0.198396,
,23.31443,-0.195924,
,23.329082,-0.192509,
,23.343811,-0.188042,
,23.358702,-0.182475,
,23.373814,-0.175751,
,23.387053,-0.168977,
,23.399887,-0.161627,
,23.41398,-0.152673,
,23.427311,-0.143363,
,23.441851,-0.132283,
,23.454943,-0.121488,
,23.469164,-0.108893,
,23.482601,-0.096172,
,23.495735,-0.082979,
,23.508629,-0.069303,
,23.523687,-0.05244,
,23.53669,-0.037117,
,23.549717,-0.021071,
,23.56303,-0.003964,
,23.575787,0.013086,
,23.58897,0.031369,
,23.602543,0.050881,
,23.616549,0.071735,
,23.630974,0.093955,
,23.645729,0.117446,
,23.660316,0.1414,
,23.674818,0.165917,
,23.689808,0.191964,
,23.704105,0.217461,
,23.719273,0.245175,
,23.733238,0.271279,
,23.748112,0.299669,
,23.761881,0.326467,
,23.77524,0.352923,
,23.789286,0.381202,
,23.802389,0.407987,
,23.81654,0.437327,
,23.832735,0.471403,
,23.849838,0.507923,
,23.864979,0.540672,
,23.879814,0.573111,
,23.893085,0.602398,
,23.906605,0.632466,
,23.920698,0.664039,
,23.934996,0.69628,
,23.948944,0.727912,
,23.962151,0.757996,
,23.978729,0.79591,
,23.993906,0.830726,
,24.009443,0.866447,
,24.022694,0.896938,
,24.035852,0.92722,
,24.049873,0.959465,
,24.065311,0.994906,
,24.080574,1.02985,
,24.095104,1.062992,
,24.110313,1.097522,
,24.124119,1.12869,
,24.137384,1.158461,
,24.150776,1.188314,
,24.163929,1.217417,
,24.177553,1.247305,
,24.190914,1.276343,
,24.204525,1.305622,
,24.218731,1.335832,
,24.235113,1.370188,
,24.249851,1.400624,
,24.2645,1.430402,
,24.27977,1.460916,
,24.293127,1.487141,
,24.306248,1.512452,
,24.319799,1.538109,
,24.333052,1.562706,
,24.345917,1.586096,
,24.363403,1.617086,
,24.378195,1.642553,
,24.39027,1.66282,
,24.404305,1.685759,
,24.418715,1.708607,
,24.433712,1.731607,
,24.449469,1.754889,
,24.464451,1.776165,
,24.479065,1.796087,
,24.492645,1.813851,
,24.506052,1.830665,
,24.520756,1.848261,
,24.536453,1.866057,
,24.551001,1.881618,
,24.564661,1.895404,
,24.577902,1.907991,
,24.591461,1.920078,
,24.607441,1.933268,
,24.621044,1.943587,
,24.635744,1.953787,
,24.650869,1.963241,
,24.665186,1.97121,
,24.678816,1.977904,
,24.691433,1.983319,
,24.707207,1.989026,
,24.720375,1.992882,
,24.733381,1.995877,
,24.749918,1.998513,
,24.764523,1.999747,
,24.777832,1.999977,
,24.791155,1.999354,
,24.807095,1.997486,
,24.820368,1.994999,
,24.833979,1.991572,
,24.850004,1.986401,
,24.864149,1.980823,
,24.877251,1.974812,
,24.891811,1.967184,
,24.907286,1.957992,
,24.920631,1.949173,
,24.933508,1.93989,
,24.946428,1.929816,
,24.961706,1.916932,
,24.975426,1.904477,
,24.988987,1.891352,
,25.002167,1.877834,
,25.015858,1.863002,
,25.030993,1.845686,
,25.046034,1.827538,
,25.061655,1.80772,
,25.077108,1.78716,
,25.090269,1.768919,
,25.104868,1.747913,
,25.118275,1.727925,
,25.132061,1.706691,
,25.146961,1.68299,
,25.160273,1.661171,
,25.173634,1.638676,
,25.187994,1.613856,
,25.201599,1.589748,
,25.215136,1.565207,
,25.228649,1.540171,
,25.244652,1.509869,
,25.259438,1.48126,
,25.272636,1.455251,
,25.285635,1.429223,
,25.29982,1.400374,
,25.314844,1.369338,
,25.329363,1.338905,
,25.342403,1.311226,
,25.358046,1.27762,
,25.371494,1.248402,
,25.384869,1.219072,
,25.400188,1.185173,
,25.414534,1.15316,
,25.427599,1.123806,
,25.442457,1.090222,
,25.455511,1.060565,
,25.469969,1.027576,
,25.483395,0.996842,
,25.498135,0.963008,
,25.513956,0.926624,
,25.528772,0.892526,
,25.542057,0.861958,
,25.555489,0.831084,
,25.569548,0.798827,
,25.583418,0.767084,
,25.598618,0.73243,
,25.613312,0.69909,
,25.627327,0.66747,
,25.640654,0.637585,
,25.658806,0.597213,
,25.672588,0.566845,
,25.685822,0.537951,
,25.698755,0.509977,
,25.712261,0.481072,
,25.726986,0.449944,
,25.740772,0.421181,
,25.757221,0.387388,
,25.771046,0.359456,
,25.784769,0.332172,
,25.799623,0.303172,
,25.814661,0.274398,
,25.829653,0.246333,
,25.843039,0.221813,
,25.855515,0.199438,
,25.87151,0.171453,
,25.886398,0.146139,
,25.900078,0.123522,
,25.912842,0.102995,
,25.92551,0.083181,
,25.93861,0.063297,
,25.95187,0.043809,
,25.966459,0.023131,
,25.981888,0.002151,
,25.995922,-0.016119,
,26.011106,-0.034998,
,26.026299,-0.052941,
,26.041744,-0.070197,
,26.055019,-0.08422,
,26.068174,-0.097366,
,26.084772,-0.112875,
,26.099127,-0.125301,
,26.112501,-0.136048,
,26.125782,-0.145917,
,26.139368,-0.155178,
,26.153881,-0.164127,
,26.16791,-0.171846,
,26.181509,-0.178447,
,26.196608,-0.184753,
,26.211809,-0.190009,
,26.226986,-0.194156,
,26.242775,-0.197299,
,26.257912,-0.199188,
,26.273312,-0.199979,
,26.286861,-0.19973,
,26.300453,-0.198593,
,26.314171,-0.196544,
,26.33005,-0.193045,
,26.34511,-0.188611,
,26.358984,-0.183571,
,26.375,-0.176617,
,26.388611,-0.169756,
,26.402639,-0.161777,
,26.417904,-0.152057,
,26.432505,-0.141755,
,26.447525,-0.130142,
,26.462963,-0.117146,
,26.478724,-0.102785,
,26.493418,-0.088413,
,26.507362,-0.073911,
,26.520882,-0.059058,
,26.534586,-0.043218,
,26.549238,-0.025426,
,26.564823,-0.005547,
,26.578308,0.012429,
,26.59226,0.031773,
,26.605431,0.050712,
,26.619135,0.071104,
,26.632559,0.091739,
,26.648996,0.117875,
,26.662983,0.140841,
,26.676331,0.163366,
,26.689411,0.185997,
,26.704496,0.212759,
,26.718584,0.238368,
,26.731787,0.262895,
,26.746782,0.291339,
,26.761106,0.319068,
,26.776505,0.349457,
,26.792044,0.380705,
,26.807644,0.412629,
,26.821857,0.442165,
,26.835209,0.470281,
,26.850775,0.50348,
,26.86557,0.535429,
,26.880545,0.568121,
,26.894325,0.598494,
,26.909172,0.631492,
,26.92374,0.664128,
,26.937122,0.6943,
,26.952166,0.728409,
,26.966339,0.760698,
,26.981382,0.795106,
,26.997007,0.830956,
,27.011824,0.865013,
,27.025024,0.895391,
,27.038809,0.927113,
,27.052307,0.958158,
,27.06562,0.988728,
,27.082262,1.02684,
,27.095442,1.056922,
,27.109776,1.089498,
,27.122906,1.11919,
,27.136057,1.148763,
,27.150045,1.180015,
,27.163727,1.210345,
,27.179573,1.245157,
,27.193966,1.276451,
,27.208956,1.308676,
,27.223192,1.33891,
,27.236168,1.36613,
,27.250908,1.396631,
,27.265144,1.425641,
,27.27883,1.453091,
,27.291893,1.47887,
,27.305285,1.504849,
,27.318993,1.530946,
,27.332672,1.556475,
,27.345869,1.580591,
,27.359177,1.604389,
,27.373659,1.629661,
,27.38888,1.655504,
,27.402241,1.677555,
,27.415236,1.69842,
,27.428867,1.719673,
,27.443729,1.742085,
,27.457926,1.762732,
,27.47257,1.783234,
,27.486671,1.802192,
,27.501411,1.821168,
,27.515717,1.838746,
,27.529696,1.855113,
,27.54324,1.87019,
,27.556353,1.884046,
,27.570246,1.897919,
,27.583679,1.91053,
,27.597183,1.922403,
,27.610579,1.933374,
,27.623888,1.94347,
,27.637178,1.952745,
,27.652227,1.962264,
,27.666882,1.970522,
,27.680389,1.977242,
,27.693964,1.983129,
,27.70752,1.988136,
,27.722355,1.992612,
,27.736599,1.99592,
,27.751015,1.998276,
,27.764532,1.999578,
,27.779734,1.999991,
,27.793907,1.999374,
,27.808294,1.997759,
,27.822884,1.995105,
,27.837318,1.991475,
,27.852444,1.986604,
,27.865749,1.981419,
,27.879879,1.974995,
,27.893734,1.967784,
,27.907822,1.959532,
,27.922173,1.95018,
,27.936338,1.940019,
,27.950647,1.928829,
,27.965023,1.916657,
,27.979071,1.903875,
,27.992752,1.890591,
,28.006212,1.876732,
,28.020834,1.860799,
,28.035118,1.844364,
,28.049252,1.827273,
,28.063349,1.809418,
,28.077717,1.790407,
,28.091585,1.771292,
,28.104792,1.75241,
,28.118401,1.73227,
,28.132483,1.710721,
,28.146343,1.688822,
,28.159027,1.668198,
,28.171951,1.646631,
,28.186214,1.622196,
,28.200146,1.597707,
,28.213461,1.573746,
,28.226431,1.549906,
,28.240238,1.523998,
,28.253899,1.497857,
,28.267239,1.471855,
,28.280523,1.445518,
,28.294012,1.418347,
,28.308163,1.389398,
,28.321289,1.362163,
,28.334309,1.3348,
,28.348518,1.304575,
,28.362026,1.275504,
,28.375126,1.247031,
,28.389549,1.215378,
,28.403662,1.184127,
,28.418362,1.151311,
,28.43273,1.119012,
,28.446527,1.087803,
,28.459915,1.057373,
,28.474211,1.024747,
,28.487494,0.994329,
,28.501919,0.96121,
,28.516991,0.926553,
,28.531591,0.892949,
,28.545666,0.860569,
,28.561314,0.824602,
,28.575733,0.791533,
,28.588804,0.761639,
,28.603182,0.728879,
,28.617525,0.696353,
,28.631504,0.664828,
,28.645571,0.633307,
,28.659447,0.602443,
,28.673338,0.571793,
,28.686737,0.54249,
,28.700108,0.513534,
,28.714912,0.481822,
,28.728325,0.453439,
,28.741558,0.42578,
,28.755144,0.397762,
,28.769655,0.368284,
,28.784565,0.338508,
,28.798735,0.310717,
,28.813221,0.282838,
,28.827776,0.255397,
,28.842241,0.22872,
,28.856781,0.202526,
,28.871307,0.176998,
,28.885546,0.152627,
,28.900652,0.127494,
,28.915136,0.10412,
,28.929022,0.082399,
,28.943335,0.060731,
,28.957247,0.04039,
,28.970888,0.021153,
,28.984846,0.002212,
,28.999289,-0.016581,
,29.012531,-0.03308,
,29.027529,-0.050898,
,29.041931,-0.067125,
,29.056269,-0.08241,
,29.070238,-0.096453,
,29.084019,-0.10947,
,29.097437,-0.12134,
,29.110512,-0.132131,
,29.123545,-0.142119,
,29.13686,-0.151524,
,29.150787,-0.160487,
,29.165573,-0.169017,
,29.179777,-0.176247,
,29.193968,-0.182523,
,29.207747,-0.187703,
,29.221102,-0.191861,
,29.235407,-0.195369,
,29.249763,-0.197903,
,29.263783,-0.199422,
,29.277906,-0.199996,
,29.291359,-0.199649,
,29.305841,-0.198302,
,29.320078,-0.195995,
,29.333324,-0.192975,
,29.346687,-0.189078,
,29.361399,-0.183803,
,29.375139,-0.177949,
,29.388905,-0.171191,
,29.402836,-0.163447,
,29.416111,-0.155227,
,29.429691,-0.145975,
,29.443453,-0.13574,
,29.457817,-0.12414,
,29.470869,-0.112797,
,29.483671,-0.100937,
,29.497545,-0.087275,
,29.511316,-0.07289,
,29.525761,-0.056936,
,29.539614,-0.040811,
,29.552919,-0.024581,
,29.567724,-0.005681,
,29.581135,0.012189,
,29.594614,0.030857,
,29.60891,0.051409,
,29.623039,0.072471,
,29.636723,0.093552,
,29.651154,0.116505,
,29.665131,0.139416,
,29.67905,0.16288,
,29.693794,0.188416,
,29.707602,0.212942,
,29.721004,0.237298,
,29.734461,0.262278,
,29.748209,0.28832,
,29.761406,0.313793,
,29.774969,0.340439,
,29.78993,0.370356,
,29.804163,0.399295,
,29.818283,0.428444,
,29.832674,0.458577,
,29.847527,0.490097,
,29.86212,0.521448,
,29.876652,0.553021,
,29.890656,0.583751,
,29.905401,0.616401,
,29.91922,0.647245,
,29.933159,0.67857,
,29.947927,0.711969,
,29.961613,0.743072,
,29.974907,0.773415,
,29.988531,0.804607,
,30.001968,0.835454,
,30.016502,0.868868,
,30.031298,0.902918,
,30.045624,0.935885,
,30.059109,0.966884,
,30.072161,0.996839,
,30.085726,1.027897,
,30.099461,1.059237,
,30.113211,1.090477,
,30.127628,1.123068,
,30.141386,1.153975,
,30.155758,1.186042,
,30.170135,1.217857,
,30.184713,1.249825,
,30.198902,1.280627,
,30.213287,1.311512,
,30.23011,1.347158,
,30.24539,1.379054,
,30.258821,1.406688,
,30.27253,1.43448,
,30.287273,1.46388,
,30.301701,1.492127,
,30.318077,1.523538,
,30.333099,1.551709,
,30.346991,1.577186,
,30.361774,1.60367,
,30.377151,1.630505,
,30.393423,1.658076,
,30.408667,1.683107,
,30.423065,1.706019,
,30.438217,1.729341,
,30.453176,1.75155,
,30.468204,1.77302,
,30.483875,1.794489,
,30.500437,1.816131,
,30.516468,1.836036,
,30.530802,1.852939,
,30.547087,1.871104,
,30.561935,1.886686,
,30.581726,1.90597,
,30.598629,1.921075,
,30.613302,1.933154,
,30.628952,1.944962,
,30.644775,1.955762,
,30.661413,1.96587,
,30.67815,1.974737,
,30.692965,1.981484,
,30.707603,1.987132,
,30.723808,1.992194,
,30.739273,1.995854,
,30.754261,1.998307,
,30.768948,1.999663,
,30.784748,1.999962,
,30.799532,1.999154,
,30.815777,1.997053,
,30.831253,1.993872,
,30.846962,1.989471,
,30.861349,1.984408,
,30.876659,1.97794,
,30.891506,1.970613,
,30.905575,1.962715,
,30.920748,1.953167,
,30.935627,1.942771,
,30.949942,1.931817,
,30.964918,1.919366,
,30.980139,1.905687,
,30.995115,1.891231,
,31.011837,1.873942,
,31.027178,1.857031,
,31.042347,1.839339,
,31.056192,1.822368,
,31.071209,1.803083,
,31.085564,1.783816,
,31.100775,1.762529,
,31.1152,1.741536,
,31.130089,1.719062,
,31.145054,1.695674,
,31.160128,1.671328,
,31.175034,1.646497,
,31.189451,1.62179,
,31.203955,1.596273,
,31.219278,1.568614,
,31.234507,1.540449,
,31.251827,1.507627,
,31.272602,1.467207,
,31.288271,1.436011,
,31.303738,1.404649,
,31.319092,1.372993,
,31.334137,1.341504,
,31.351528,1.304559,
,31.369007,1.266886,
,31.386492,1.228713,
,31.402208,1.194023,
,31.418941,1.15674,
,31.434965,1.120741,
,31.452122,1.081926,
,31.469236,1.042969,
,31.485664,1.005404,
,31.50215,0.96758,
,31.519178,0.928427,
,31.540434,0.879512,
,31.557816,0.839536,
,31.573795,0.802856,
,31.589653,0.76656,
,31.605824,0.729704,
,31.622627,0.691605,
,31.644596,0.6422,
,31.660969,0.605723,
,31.678719,0.566572,
,31.694067,0.53309,
,31.70817,0.502651,
,31.723381,0.470217,
,31.739054,0.437246,
,31.756714,0.400698,
,31.777971,0.357611,
,31.794632,0.32459,
,31.810947,0.292928,
,31.827267,0.261965,
,31.843622,0.231681,
,31.859375,0.203253,
,31.875124,0.175588,
,31.891485,0.14768,
,31.906334,0.123116,
,31.920389,0.100554,
,31.9354,0.07722,
,31.950617,0.054396,
,31.964928,0.033713,
,31.979992,0.012782,
,31.994961,-0.007147,
,32.009193,-0.02527,
,32.022945,-0.041998,
,32.037537,-0.058901,
,32.052147,-0.074924,
,32.066727,-0.090011,
,32.082111,-0.104927,
,32.098732,-0.119874,
,32.119274,-0.13664,
,32.137657,-0.150023,
,32.152222,-0.159523,
,32.16922,-0.169365,
,32.184616,-0.177112,
,32.199871,-0.183688,
,32.215076,-0.189144,
,32.230019,-0.19343,
,32.244987,-0.196653,
,32.258907,-0.198685,
,32.27354,-0.199816,
,32.287167,-0.199943,
,32.300388,-0.199211,
,32.314304,-0.197532,
,32.329372,-0.194665,
,32.343052,-0.19112,
,32.358372,-0.18609,
,32.371265,-0.180991,
,32.38414,-0.175115,
,32.401478,-0.165969,
,32.415489,-0.157554,
,32.430958,-0.147207,
,32.445175,-0.136728,
,32.460003,-0.124823,
,32.475109,-0.111682,
,32.489532,-0.09819,
,32.502686,-0.085097,
,32.516319,-0.070732,
,32.530674,-0.054759,
,32.544731,-0.038281,
,32.55806,-0.021909,
,32.571541,-0.004618,
,32.585049,0.013427,
,32.601246,0.036,
,32.614895,0.055795,
,32.628399,0.076054,
,32.643501,0.099491,
,32.659756,0.125605,
,32.672932,0.14743,
,32.686432,0.170392,
,32.699612,0.193368,
,32.713169,0.217562,
,32.725998,0.240958,
,32.741207,0.269318,
,32.754333,0.294303,
,32.768478,0.32174,
,32.781624,0.347692,
,32.798225,0.381061,
,32.811512,0.408219,
,32.824718,0.435591,
,32.838974,0.465538,
,32.851833,0.492882,
,32.865143,0.521494,
,32.878193,0.549829,
,32.893768,0.583992,
,32.907581,0.614573,
,32.921425,0.645456,
,32.935139,0.676269,
,32.949478,0.708672,
,32.963089,0.739595,
,32.978832,0.775521,
,32.99255,0.806937,
,33.007061,0.840253,
,33.021313,0.873025,
,33.034847,0.904172,
,33.050087,0.939239,
,33.063671,0.970465,
,33.077385,1.001927,
,33.090733,1.032474,
,33.104168,1.063118,
,33.117588,1.093595,
,33.132023,1.126201,
,33.147507,1.160949,
,33.1609,1.19079,
,33.175331,1.222682,
,33.191353,1.257747,
,33.205612,1.288624,
,33.219612,1.318594,
,33.233517,1.348009,
,33.250912,1.384263,
,33.265636,1.41446,
,33.28434,1.452106,
,33.298557,1.480157,
,33.314095,1.51023,
,33.331028,1.542263,
,33.349453,1.576204,
,33.365746,1.605384,
,33.380516,1.631127,
,33.394821,1.655394,
,33.411983,1.683612,
,33.429508,1.711387,
,33.444458,1.734219,
,33.460365,1.757613,
,33.475468,1.778948,
,33.489758,1.798329,
,33.50396,1.816793,
,33.519051,1.835525,
,33.53643,1.855942,
,33.556004,1.877423,
,33.57333,1.895069,
,33.588501,1.909451,
,33.603256,1.922459,
,33.62072,1.936597,
,33.635731,1.947644,
,33.655094,1.960364,
,33.671055,1.969544,
,33.684685,1.976439,
,33.698738,1.982631,
,33.715557,1.988811,
,33.732399,1.993649,
,33.747917,1.996904,
,33.761436,1.998798,
,33.775215,1.999823,
,33.788548,1.999945,
,33.802212,1.999183,
,33.816219,1.997468,
,33.829872,1.99489,
,33.844551,1.991121,
,33.857937,1.986787,
,33.871803,1.9814,
,33.887253,1.974323,
,33.901093,1.967032,
,33.914467,1.959135,
,33.927513,1.950635,
,33.940426,1.941449,
,33.953739,1.931183,
,33.96719,1.919996,
,33.980747,1.907907,
,33.994976,1.894345,
,34.007416,1.881766,
,34.02087,1.867412,
,34.036129,1.850207,
,34.051521,1.831871,
,34.064617,1.81551,
,34.080601,1.794606,
,34.093994,1.776321,
,34.106991,1.757918,
,34.12019,1.738585,
,34.133095,1.71906,
,34.14624,1.698555,
,34.159363,1.677486,
,34.174541,1.652387,
,34.189163,1.627489,
,34.202488,1.604205,
,34.215996,1.580044,
,34.229626,1.555111,
,34.243336,1.529502,
,34.256668,1.504098,
,34.270397,1.47744,
,34.284927,1.44872,
,34.300373,1.417625,
,34.314922,1.387844,
,34.328232,1.360201,
,34.344032,1.326926,
,34.356747,1.299813,
,34.370701,1.269725,
,34.384003,1.240751,
,34.397663,1.210727,
,34.411083,1.180979,
,34.424252,1.151577,
,34.437794,1.121135,
,34.451447,1.090268,
,34.464699,1.060159,
,34.478195,1.029368,
,34.491371,0.999205,
,34.505081,0.967745,
,34.518475,0.936955,
,34.532375,0.90497,
,34.546177,0.873211,
,34.56049,0.840294,
,34.576126,0.8044,
,34.588566,0.775912,
,34.601974,0.745298,
,34.617157,0.710787,
,34.630295,0.681079,
,34.643986,0.650288,
,34.657009,0.621197,
,34.670822,0.590561,
,34.684269,0.560993,
,34.700367,0.525944,
,34.713364,0.497958,
,34.726761,0.46942,
,34.739601,0.44238,
,34.752445,0.415668,
,34.767448,0.384909,
,34.780815,0.35793,
,34.796402,0.32701,
,34.809563,0.301372,
,34.823074,0.275531,
,34.836632,0.250095,
,34.850365,0.224869,
,34.864601,0.199303,
,34.879192,0.173743,
,34.89291,0.150335,
,34.906113,0.128386,
,34.918995,0.107541,
,34.933132,0.085323,
,34.946068,0.065617,
,34.959023,0.046501,
,34.972073,0.027874,
,34.985893,0.008853,
,34.999516,-0.009163,
,35.012432,-0.025564,
,35.027328,-0.043635,
,35.040405,-0.058747,
,35.054119,-0.073823,
,35.067337,-0.087597,
,35.080528,-0.10059,
,35.095566,-0.114469,
,35.108269,-0.125412,
,35.122276,-0.136638,
,35.136055,-0.146814,
,35.149235,-0.155733,
,35.163872,-0.164697,
,35.176907,-0.171839,
,35.19244,-0.179309,
,35.205158,-0.184577,
,35.218407,-0.189249,
,35.231617,-0.193072,
,35.247635,-0.196589,
,35.262524,-0.198753,
,35.275505,-0.19977,
,35.288731,-0.199971,
,35.302883,-0.199255,
,35.316593,-0.197641,
,35.330093,-0.195169,
,35.344376,-0.191604,
,35.35762,-0.187426,
,35.371323,-0.182225,
,35.384903,-0.176193,
,35.398121,-0.169487,
,35.411125,-0.162092,
,35.424259,-0.153825,
,35.43766,-0.144569,
,35.451508,-0.134142,
,35.464455,-0.123609,
,35.477737,-0.112022,
,35.490788,-0.099875,
,35.504852,-0.08595,
,35.518757,-0.071344,
,35.532372,-0.056247,
,35.54567,-0.040752,
,35.559135,-0.02432,
,35.572147,-0.007742,
,35.585342,0.009754,
,35.600945,0.031314,
,35.616844,0.054239,
,35.631573,0.076312,
,35.644939,0.09702,
,35.657936,0.117762,
,35.67131,0.139708,
,35.686291,0.164994,
,35.699841,0.188485,
,35.71315,0.212123,
,35.728649,0.24031,
,35.74139,0.264006,
,35.754513,0.288886,
,35.767658,0.314272,
,35.782028,0.342526,
,35.795795,0.370073,
,35.808723,0.396337,
,35.821609,0.422878,
,35.835663,0.452227,
,35.84922,0.480905,
,35.862789,0.509942,
,35.876087,0.538707,
,35.892101,0.573716,
,35.905842,0.604049,
,35.919533,0.634509,
,35.933392,0.665575,
,35.946987,0.696238,
,35.960934,0.727863,
,35.974365,0.758456,
,35.988327,0.790375,
,36.002396,0.822643,
,36.016193,0.854347,
,36.031445,0.889432,
,36.045471,0.921714,
,36.059151,0.953181,
,36.072388,0.983585,
,36.087666,1.018599,
,36.103004,1.053622,
,36.116188,1.083608,
,36.131313,1.117835,
,36.144611,1.147749,
,36.157902,1.177445,
,36.17189,1.208483,
,36.185349,1.238085,
,36.201931,1.274192,
,36.214748,1.301793,
,36.229774,1.333781,
,36.243694,1.363032,
,36.257008,1.39065,
,36.269974,1.41717,
,36.284939,1.447309,
,36.299721,1.476557,
,36.313374,1.503075,
,36.327011,1.529077,
,36.340107,1.553567,
,36.353497,1.578089,
,36.366917,1.60214,
,36.380043,1.62513,
,36.394936,1.650545,
,36.408096,1.672401,
,36.421654,1.694304,
,36.435116,1.715424,
,36.449615,1.73744,
,36.463161,1.757316,
,36.478561,1.779076,
,36.491711,1.796932,
,36.504936,1.814207,
,36.519478,1.832396,
,36.533474,1.849084,
,36.547264,1.864733,
,36.563049,1.881655,
,36.57856,1.897246,
,36.592167,1.910057,
,36.608124,1.924035,
,36.623482,1.93641,
,36.638931,1.947782,
,36.653145,1.957278,
,36.666622,1.965416,
,36.68047,1.972896,
,36.696045,1.980234,
,36.709549,1.985667,
,36.723492,1.990368,
,36.737625,1.994186,
,36.750805,1.996884,
,36.765091,1.998867,
,36.778412,1.999831,
,36.791759,1.99994,
,36.804729,1.999225,
,36.81834,1.997604,
,36.831821,1.995121,
,36.846012,1.991566,
,36.862297,1.9863,
,36.874989,1.981322,
,36.888084,1.975386,
,36.901711,1.968352,
,36.914902,1.960717,
,36.928284,1.952146,
,36.941505,1.942865,
,36.955471,1.932197,
,36.96973,1.920397,
,36.98283,1.908752,
,36.996212,1.896076,
,37.009083,1.883151,
,37.022293,1.869139,
,37.03548,1.854413,
,37.049519,1.837944,
,37.06432,1.819699,
,37.076626,1.803856,
,37.089455,1.786705,
,37.102276,1.768926,
,37.11655,1.748398,
,37.129822,1.728632,
,37.144062,1.706711,
,37.156788,1.686514,
,37.170284,1.664489,
,37.184029,1.641429,
,37.197456,1.618309,
,37.211555,1.593425,
,37.224693,1.569694,
,37.23814,1.544882,
,37.252132,1.518521,
,37.265133,1.493548,
,37.279922,1.464617,
,37.293781,1.437007,
,37.308064,1.408086,
,37.321545,1.380364,
,37.335697,1.350856,
,37.348675,1.323445,
,37.361599,1.295846,
,37.377796,1.260846,
,37.391911,1.230003,
,37.405445,1.200163,
,37.418049,1.17215,
,37.430889,1.143419,
,37.444515,1.112741,
,37.457546,1.083243,
,37.471432,1.051663,
,37.484154,1.022606,
,37.497536,0.991961,
,37.510269,0.962724,
,37.522804,0.9339,
,37.536461,0.902478,
,37.55183,0.86711,
,37.565926,0.834705,
,37.578499,0.805842,
,37.591461,0.776155,
,37.605198,0.744794,
,37.618313,0.71498,
,37.631832,0.684381,
,37.645386,0.653883,
,37.658894,0.623687,
,37.672745,0.592954,
,37.685616,0.564616,
,37.698696,0.536076,
,37.711506,0.50839,
,37.725712,0.478017,
,37.739613,0.44865,
,37.753674,0.419341,
,37.767227,0.391478,
,37.780117,0.36536,
,37.793278,0.339094,
,37.806171,0.313776,
,37.818806,0.289379,
,37.832157,0.264058,
,37.846203,0.237962,
,37.859119,0.214464,
,37.872055,0.191434,
,37.884907,0.169068,
,37.898521,0.145951,
,37.911922,0.123795,
,37.924614,0.103377,
,37.939152,0.080672,
,37.952572,0.060388,
,37.966522,0.040009,
,37.979988,0.021028,
,37.992935,0.003436,
,38.005863,-0.013472,
,38.018894,-0.029839,
,38.032669,-0.046389,
,38.046551,-0.062274,
,38.059361,-0.076211,
,38.072647,-0.089922,
,38.086525,-0.103432,
,38.100544,-0.116216,
,38.114311,-0.127925,
,38.127148,-0.138069,
,38.140507,-0.147833,
,38.154037,-0.15689,
,38.168018,-0.165356,
,38.181221,-0.172514,
,38.195881,-0.179504,
,38.208443,-0.184686,
,38.221146,-0.189163,
,38.233795,-0.192858,
,38.247673,-0.196031,
,38.260227,-0.198105,
,38.274151,-0.199519,
,38.287167,-0.199997,
,38.301453,-0.199583,
,38.314819,-0.198306,
,38.329086,-0.195995,
,38.341961,-0.193071,
,38.355911,-0.189008,
,38.368961,-0.184367,
,38.382153,-0.178855,
,38.396736,-0.171804,
,38.410942,-0.163977,
,38.424004,-0.15595,
,38.436954,-0.147213,
,38.450912,-0.136934,
,38.465416,-0.12532,
,38.479702,-0.112955,
,38.494095,-0.099583,
,38.507099,-0.086723,
,38.521019,-0.072145,
,38.534325,-0.057438,
,38.547985,-0.041571,
,38.56345,-0.022678,
,38.577686,-0.004433,
,38.590355,0.012477,
,38.603676,0.030931,
,38.616573,0.049442,
,38.630592,0.070264,
,38.64521,0.092738,
,38.660728,0.117419,
,38.673576,0.138482,
,38.688126,0.162993,
,38.702217,0.187386,
,38.716282,0.212349,
,38.72942,0.236211,
,38.744869,0.264903,
,38.758362,0.290506,
,38.772133,0.31714,
,38.785545,0.343549,
,38.798653,0.369777,
,38.81184,0.396567,
,38.825745,0.42523,
,38.839394,0.453755,
,38.853489,0.483596,
,38.86787,0.514418,
,38.882637,0.54643,
,38.89732,0.578584,
,38.911617,0.610199,
,38.924469,0.638829,
,38.938114,0.669438,
,38.95187,0.700491,
,38.965794,0.732087,
,38.979061,0.762322,
,38.992432,0.792905,
,39.0061,0.824247,
,39.019142,0.854223,
,39.03167,0.883036,
,39.045456,0.914767,
,39.058777,0.945416,
,39.071644,0.974982,
,39.085884,1.007639,
,39.099453,1.038675,
,39.114086,1.072017,
,39.128445,1.104573,
,39.141888,1.134885,
,39.157249,1.169297,
,39.170937,1.199731,
,39.183975,1.228482,
,39.19812,1.259411,
,39.211102,1.287508,
,39.22377,1.314661,
,39.236538,1.341723,
,39.250519,1.370997,
,39.263672,1.398177,
,39.276218,1.423746,
,39.28915,1.449723,
,39.30624,1.483432,
,39.320477,1.51095,
,39.333378,1.535414,
,39.347565,1.561783,
,39.360241,1.584855,
,39.373245,1.608017,
,39.386414,1.630938,
,39.400002,1.654011,
,39.413055,1.6756,
,39.426056,1.696527,
,39.439762,1.717953,
,39.453957,1.739435,
,39.467278,1.75892,
,39.481277,1.778678,
,39.495548,1.798041,
,39.510574,1.817567,
,39.52404,1.834292,
,39.539516,1.8526,
,39.554531,1.869408,
,39.57056,1.886297,
,39.584358,1.899942,
,39.598251,1.912843,
,39.612186,1.924924,
,39.627171,1.936938,
,39.642719,1.948332,
,39.657127,1.957897,
,39.67091,1.966148,
,39.684223,1.973276,
,39.69767,1.979631,
,39.71159,1.985308,
,39.724907,1.989879,
,39.738239,1.993608,
,39.750713,1.996326,
,39.765316,1.998558,
,39.778248,1.999679,
,39.791134,1.999996,
,39.804436,1.999483,
,39.817387,1.998167,
,39.831535,1.995807,
,39.845108,1.99264,
,39.858093,1.988786,
,39.872284,1.983655,
,39.88485,1.978314,
,39.898361,1.971741,
,39.911602,1.964466,
,39.924244,1.956758,
,39.936707,1.948439,
,39.951252,1.937825,
,39.964188,1.927577,
,39.977036,1.916658,
,39.990414,1.904502,
,40.00423,1.891126,
,40.018047,1.87692,
,40.031334,1.862489,
,40.045322,1.846492,
,40.058075,1.831201,
,40.070839,1.815231,
,40.083767,1.798394,
,40.097588,1.779668,
,40.110771,1.761116,
,40.123665,1.74234,
,40.13662,1.72286,
,40.151249,1.700135,
,40.164272,1.679266,
,40.178844,1.655238,
,40.191944,1.633037,
,40.205639,1.609243,
,40.219803,1.584014,
,40.233784,1.558523,
,40.248135,1.53178,
,40.260963,1.50738,
,40.274197,1.481756,
,40.286835,1.45687,
,40.300262,1.430006,
,40.313702,1.402698,
,40.327286,1.374688,
,40.341366,1.345254,
,40.354549,1.317343,
,40.367764,1.289044,
,40.381844,1.258572,
,40.395672,1.228338,
,40.409817,1.197131,
,40.422554,1.168801,
,40.435276,1.140313,
,40.450394,1.106246,
,40.463425,1.076716,
,40.477215,1.04532,
,40.490166,1.015722,
,40.504471,0.982935,
,40.517345,0.953367,
,40.531181,0.921535,
,40.544632,0.890586,
,40.558334,0.859059,
,40.571938,0.827788,
,40.585846,0.795887,
,40.599098,0.765569,
,40.61301,0.733843,
,40.626942,0.702223,
,40.640209,0.672268,
,40.654266,0.640723,
,40.666969,0.612404,
,40.681042,0.581266,
,40.694187,0.552441,
,40.7085,0.521344,
,40.721382,0.493647,
,40.734432,0.465891,
,40.747337,0.43876,
,40.76096,0.410491,
,40.773678,0.384458,
,40.788174,0.355224,
,40.801769,0.328264,
,40.816006,0.300527,
,40.829048,0.27559,
,40.842991,0.249438,
,40.856014,0.225511,
,40.870441,0.199598,
,40.883549,0.176604,
,40.896355,0.154662,
,40.90884,0.133784,
,40.922195,0.11203,
,40.936008,0.090179,
,40.94952,0.069462,
,40.962387,0.05035,
,40.975491,0.031517,
,40.989388,0.012253,
,41.001911,-0.004457,
,41.016022,-0.022545,
,41.029289,-0.038818,
,41.043301,-0.05522,
,41.056087,-0.06947,
,41.068909,-0.083058,
,41.082176,-0.09638,
,41.094803,-0.108345,
,41.108067,-0.120153,
,41.12241,-0.13204,
,41.134998,-0.141708,
,41.149494,-0.151942,
,41.163795,-0.161093,
,41.176601,-0.168482,
,41.189297,-0.175048,
,41.203335,-0.181425,
,41.216263,-0.186473,
,41.229397,-0.190789,
,41.243206,-0.194438,
,41.256252,-0.197045,
,41.268913,-0.198795,
,41.283237,-0.199844,
,41.296413,-0.199937,
,41.309765,-0.199178,
,41.323944,-0.197434,
,41.337574,-0.194847,
,41.351982,-0.191144,
,41.364464,-0.187133,
,41.377354,-0.182215,
,41.390507,-0.176385,
,41.403881,-0.169619,
,41.416786,-0.162298,
,41.431362,-0.153097,
,41.444847,-0.143714,
,41.458065,-0.133709,
,41.470848,-0.12328,
,41.485153,-0.110746,
,41.49847,-0.09826,
,41.511364,-0.085436,
,41.524685,-0.07143,
,41.538258,-0.056384,
,41.55151,-0.040952,
,41.566238,-0.022947,
,41.57983,-0.005561,
,41.592911,0.011867,
,41.606075,0.030081,
,41.618973,0.048565,
,41.633026,0.069409,
,41.646732,0.090424,
,41.659794,0.111081,
,41.673008,0.132574,
,41.687996,0.157656,
,41.70171,0.181248,
,41.715591,0.205737,
,41.728813,0.2296,
,41.743141,0.256044,
,41.756115,0.280489,
,41.770008,0.307168,
,41.783081,0.332727,
,41.796356,0.359123,
,41.810001,0.386682,
,41.823841,0.41507,
,41.836906,0.44224,
,41.851097,0.472132,
,41.864281,0.500245,
,41.877483,0.528706,
,41.891651,0.559553,
,41.904743,0.588328,
,41.917904,0.61749,
,41.932163,0.649332,
,41.945374,0.67903,
,41.95813,0.707861,
,41.97155,0.738346,
,41.984882,0.768759,
,41.99892,0.800887,
,42.012657,0.832412,
,42.025555,0.862059,
,42.038982,0.892958,
,42.052269,0.923533,
,42.065369,0.953668,
,42.077744,0.982096,
,42.091465,1.013544,
,42.104527,1.043398,
,42.117207,1.072277,
,42.131985,1.105784,
,42.147404,1.140536,
,42.161583,1.172269,
,42.176266,1.204878,
,42.189442,1.233896,
,42.203842,1.265317,
,42.217323,1.294429,
,42.230408,1.322395,
,42.244564,1.352286,
,42.256992,1.378205,
,42.270153,1.405296,
,42.283039,1.431456,
,42.297913,1.461164,
,42.31142,1.487677,
,42.324718,1.513313,
,42.337612,1.537724,
,42.351135,1.562829,
,42.364445,1.587012,
,42.378891,1.61266,
,42.392181,1.63568,
,42.405094,1.657507,
,42.419022,1.680423,
,42.433464,1.703489,
,42.446781,1.724105,
,42.460327,1.744426,
,42.473923,1.764131,
,42.486691,1.782006,
,42.50317,1.804142,
,42.516571,1.821349,
,42.531273,1.839396,
,42.54491,1.85534,
,42.55909,1.871093,
,42.574955,1.887709,
,42.58786,1.90042,
,42.601074,1.912681,
,42.615719,1.925365,
,42.628643,1.935758,
,42.64365,1.946876,
,42.65773,1.956369,
,42.671761,1.964918,
,42.684734,1.972004,
,42.699062,1.978914,
,42.714287,1.985194,
,42.729069,1.990237,
,42.741787,1.993742,
,42.75473,1.996514,
,42.769855,1.998733,
,42.783131,1.999775,
,42.796284,1.999971,
,42.810837,1.999216,
,42.825798,1.997378,
,42.838768,1.994915,
,42.85326,1.991208,
,42.867928,1.986436,
,42.882263,1.980782,
,42.895382,1.974757,
,42.909054,1.967616,
,42.923889,1.958879,
,42.937115,1.950228,
,42.950115,1.940943,
,42.963371,1.930683,
,42.976246,1.919957,
,42.991913,1.90591,
,43.004765,1.893576,
,43.018272,1.879841,
,43.031487,1.865649,
,43.044575,1.850859,
,43.058098,1.834831,
,43.070686,1.819241,
,43.083538,1.802666,
,43.098991,1.781871,
,43.112518,1.762911,
,43.126305,1.74288,
,43.139133,1.723607,
,43.154861,1.699172,
,43.167843,1.678346,
,43.182362,1.654378,
,43.196308,1.630699,
,43.209946,1.606947,
,43.225037,1.579989,
,43.239765,1.55302,
,43.252758,1.52872,
,43.26627,1.502953,
,43.27916,1.477924,
,43.292282,1.452017,
,43.305706,1.425077,
,43.320278,1.395368,
,43.334412,1.366108,
,43.348557,1.336422,
,43.362766,1.306213,
,43.375652,1.278506,
,43.388718,1.250136,
,43.404331,1.215887,
,43.417645,1.186422,
,43.43079,1.157101,
,43.446011,1.122922,
,43.460609,1.089917,
,43.473331,1.061013,
,43.486275,1.031494,
,43.499058,1.002238,
,43.511692,0.97325,
,43.526833,0.938457,
,43.541824,0.903954,
,43.555786,0.871824,
,43.569542,0.840194,
,43.583035,0.809213,
,43.596329,0.778764,
,43.609749,0.748116,
,43.624332,0.714945,
,43.637638,0.684832,
,43.656216,0.643074,
,43.693985,0.55944,
,43.873417,0.199645,
,43.890923,0.169051,
,43.907963,0.140213,
,43.922531,0.116329,
,43.938885,0.090379,
,43.953312,0.068272,
,43.967106,0.047844,
,43.979076,0.030689,
,43.991833,0.013014,
